state_reported,state_intersection,registry_id,fac_name,fac_street,fac_city,fac_state,fac_zip,fac_county,fac_fips_code,fac_indian_cntry_flg,fac_federal_flg,fac_collection_method,fac_reference_point,fac_accuracy_meters,fac_derived_tribes,fac_derived_huc,fac_derived_wbd,fac_derived_stcty_fips,fac_derived_zip,fac_derived_cd113,fac_derived_cb2010,fac_percent_minority,fac_pop_den,fac_major_flag,fac_active_flag,fac_qtrs_with_nc,sdwis_flag,pwsid,sdwa_system_types,sdwa_informal_count,sdwa_formal_action_count,sdwa_compliance_status,sdwa_snc_flag,ejscreen_flag_us
NA,MA,110051760938,WILD HONEY CAFE @ SOARES FUNCTION HALL,NA,WESTPORT,NA,02790,BRISTOL,NA,FALSE,NA,Zip Code Centroid,NA,10000,NA,NA,NA,NA,NA,NA,NA,NA,NA,NA,TRUE,0,TRUE,MA4334087,Transient non-community system,NA,NA,No Violation Identified,FALSE,FALSE
MD,VA,110051773149,DUNKIN DONUTS,NA,NA,MD,20147,ANNE ARUNDEL,NA,FALSE,NA,Zip Code Centroid,NA,10000,NA,NA,NA,NA,NA,NA,NA,NA,NA,NA,TRUE,0,TRUE,MD1021720,Transient non-community system,1,NA,No Violation Identified,FALSE,FALSE
NA,MD,110052588641,FOREST HILL NATURE PRESCHOOL & CHILDCARE,NA,NA,NA,21050,HARFORD,NA,FALSE,NA,Zip Code Centroid,NA,10000,NA,NA,NA,NA,NA,NA,NA,NA,NA,NA,TRUE,11,TRUE,MD1120054,Non-Transient non-community system,6,NA,Violation Identified,FALSE,FALSE
MD,TN,110064359901,DOLLAR GENERAL #14009,NA,NA,MD,37072,CECIL,NA,FALSE,NA,Zip Code Centroid,NA,10000,NA,NA,NA,NA,NA,NA,NA,NA,NA,NA,TRUE,0,TRUE,MD1071387,Transient non-community system,4,NA,No Violation Identified,FALSE,FALSE
MD,DE,110052503377,HERTRICH FAMILY OF AUTO DEALERSHIPS,NA,NA,MD,19963,WORCESTER,NA,FALSE,NA,Zip Code Centroid,NA,10000,NA,NA,NA,NA,NA,NA,NA,NA,NA,NA,TRUE,1,TRUE,MD1230054,Non-Transient non-community system,1,NA,No Violation Identified,FALSE,FALSE
MD,PA,110048437367,"ELKSIDE COMMUNITY, INC.",NA,NA,MD,19003,CECIL,NA,FALSE,NA,Zip Code Centroid,NA,10000,NA,NA,NA,NA,NA,NA,NA,NA,NA,NA,TRUE,0,TRUE,MD0070010,Transient non-community system,1,NA,No Violation Identified,FALSE,FALSE
PA,NY,110051598204,LEHIGH CC CLUB HOUSE SYSTEM-SUMMER HOUSE UV,MISSING ADDRESS LINE 1,MISSING CITY,PA,12345,LEHIGH,NA,FALSE,NA,Zip Code Centroid,NA,10000,NA,NA,NA,NA,NA,NA,NA,NA,NA,NA,TRUE,1,TRUE,PA3390392,Transient non-community system,1,NA,No Violation Identified,FALSE,FALSE
NA,LA,110012881471,TESI HIGHLAND RIDGE,NA,BATON ROUGE,NA,70802,LIVINGSTON PARISH,NA,FALSE,NA,Zip Code Centroid,NA,10000,NA,NA,NA,NA,NA,NA,NA,NA,NA,NA,TRUE,0,TRUE,LA1063087,Community water system,NA,NA,No Violation Identified,FALSE,FALSE
NA,LA,110012881471,TESI HIGHLAND RIDGE,NA,BATON ROUGE,NA,70802,LIVINGSTON PARISH,NA,FALSE,NA,Zip Code Centroid,NA,10000,NA,NA,NA,NA,NA,NA,NA,NA,NA,NA,TRUE,0,TRUE,LA1063098,Community water system,NA,NA,No Violation Identified,FALSE,FALSE
NA,LA,110012881471,TESI HIGHLAND RIDGE,NA,BATON ROUGE,NA,70802,LIVINGSTON PARISH,NA,FALSE,NA,Zip Code Centroid,NA,10000,NA,NA,NA,NA,NA,NA,NA,NA,NA,NA,TRUE,0,TRUE,LA1077039,Community water system,NA,NA,No Violation Identified,FALSE,FALSE
MD,SD,110051964594,CAPITOL KOA CAMPGROUND (SEE 1021588),NA,NA,MD,57104,ANNE ARUNDEL,NA,FALSE,NA,Zip Code Centroid,NA,10000,NA,NA,NA,NA,NA,NA,NA,NA,NA,NA,NA,0,TRUE,MD1021427,Transient non-community system,NA,NA,Inactive,FALSE,FALSE
NA,CA,110013161737,DEL DIOS MUTUAL WATER COMPANY-TREATMENT PLANT 02,NA,ESCONDIDO,NA,92029,SAN DIEGO,6073,FALSE,NA,ADDRESS MATCHING-HOUSE NUMBER,ENTRANCE POINT OF A FACILITY OR STATION,50,"San Pasqual Band of Diegueno Mission Indians of California - 10.8 mile(s), Rincon Band of Luiseno Mission Indians of Rincon Reservation, California - 14.2 mile(s), Capitan Grande Band of Diegueno Mission Indians of California: Barona Group of Capitan Grande Band of Mission Indians of the Barona Reservation, California - 15.9 mile(s), Rincon Band of Luiseno Mission Indians of Rincon Reservation, California - 16.1 mile(s), Capitan Grande Band of Diegueno Mission Indians of California: Barona Group of Capitan Grande Band of Mission Indians of the Barona Reservation, California - 16.3 mile(s), Pala Band of Mission Indians - 16.7 mile(s), La Jolla Band of Luiseno Indians, California - 16.7 mile(s), Pauma Band of Luiseno Mission Indians of the Pauma & Yuima Reservation, California - 18.9 mile(s), Mesa Grande Band of Diegueno Mission Indians of the Mesa Grande Reservation, California - 19.3 mile(s), Iipay Nation of Santa Ysabel, California - 20.4 mile(s)",18070304,180703040301,6073,92029,50,60730204012048,36.816,867.21,NA,TRUE,4,TRUE,CA3700866,Community water system,NA,1,Violation Identified,FALSE,FALSE
MD,VA,110051921051,TYLER DENTAL,NA,NA,MD,22314,CALVERT,NA,FALSE,NA,Zip Code Centroid,NA,10000,NA,NA,NA,NA,NA,NA,NA,NA,NA,NA,TRUE,0,TRUE,MD1041199,Transient non-community system,NA,NA,No Violation Identified,FALSE,FALSE
MD,PA,110052453714,SUBWAY SHOP  (GRANTSVILLE),NA,NA,MD,15901,GARRETT,NA,FALSE,NA,Zip Code Centroid,NA,10000,NA,NA,NA,NA,NA,NA,NA,NA,NA,NA,TRUE,0,TRUE,MD1111106,Transient non-community system,NA,NA,No Violation Identified,FALSE,FALSE
MD,PA,110063331121,MUSKET RIDGE GOLF CLUB-BATHROOMS,NA,NA,MD,15222,FREDERICK,NA,FALSE,NA,Zip Code Centroid,NA,10000,NA,NA,NA,NA,NA,NA,NA,NA,NA,NA,TRUE,0,TRUE,MD1101357,Transient non-community system,NA,NA,No Violation Identified,FALSE,FALSE
MD,DE,110051928358,CAMP PECOMETH GROVE,NA,NA,MD,19901,QUEEN ANNE'S,NA,FALSE,NA,Zip Code Centroid,NA,10000,NA,NA,NA,NA,NA,NA,NA,NA,NA,NA,TRUE,0,TRUE,MD1171189,Transient non-community system,NA,NA,No Violation Identified,FALSE,FALSE
MD,PA,110051966645,WAPITI/THE WILDERNESS RETREAT,NA,PHILADELPHIA,MD,19106,CECIL,NA,FALSE,NA,Zip Code Centroid,NA,10000,NA,NA,NA,NA,NA,NA,NA,NA,NA,NA,NA,0,TRUE,MD1071379,Transient non-community system,NA,NA,Inactive,FALSE,FALSE
NA,LA,110012866602,L TYCER (FALLER RD APTS) WATER SYSTEM,NA,HAMMOND,NA,70401,TANGIPAHOA,NA,FALSE,NA,Zip Code Centroid,NA,10000,NA,NA,NA,NA,NA,NA,NA,NA,NA,NA,NA,0,TRUE,LA1105072,Community water system,NA,NA,Inactive,FALSE,FALSE
NA,LA,110012866602,L TYCER (FALLER RD APTS) WATER SYSTEM,NA,HAMMOND,NA,70401,TANGIPAHOA,NA,FALSE,NA,Zip Code Centroid,NA,10000,NA,NA,NA,NA,NA,NA,NA,NA,NA,NA,NA,0,TRUE,LA1105083,Community water system,NA,NA,Inactive,FALSE,FALSE
MD,FL,110052489516,HIGHS #1 - WHITEFORD,NA,NA,MD,32952,HARFORD,NA,FALSE,NA,Zip Code Centroid,NA,10000,NA,NA,NA,NA,NA,NA,NA,NA,NA,NA,TRUE,0,TRUE,MD1121186,Transient non-community system,NA,NA,No Violation Identified,FALSE,FALSE
NA,AR,110013001278,ALTUS WATERWORKS,NA,ALTUS,NA,72821,FRANKLIN,5047,FALSE,NA,ADDRESS MATCHING-HOUSE NUMBER,ENTRANCE POINT OF A FACILITY OR STATION,50,NA,11110202,111102020401,5047,72821,4,50479502004119,5.837,84.4,NA,TRUE,4,TRUE,AR0000197,Community water system,1,NA,No Violation Identified,FALSE,FALSE
NA,AR,110013001278,ALTUS WATERWORKS,NA,ALTUS,NA,72821,FRANKLIN,5047,FALSE,NA,ADDRESS MATCHING-HOUSE NUMBER,ENTRANCE POINT OF A FACILITY OR STATION,50,NA,11110202,111102020401,5047,72821,4,50479502004119,5.837,84.4,NA,TRUE,4,TRUE,AR0000199,Community water system,1,NA,No Violation Identified,FALSE,FALSE
NA,PA,110000935114,MT JOY TWP SOUTH SYS,NA,ELIZABETHTOWN,NA,17022,LANCASTER COUNTY,42071,FALSE,NA,ADDRESS MATCHING-HOUSE NUMBER,CENTER OF A FACILITY OR STATION,30,NA,2050306,20503060803,42071,17022,16,420710106002009,7.146,841.52,NA,NA,0,TRUE,PA7360035,Community water system,NA,NA,Inactive,FALSE,FALSE
NA,PA,110000935114,MT JOY TWP SOUTH SYS,NA,ELIZABETHTOWN,NA,17022,LANCASTER COUNTY,42071,FALSE,NA,ADDRESS MATCHING-HOUSE NUMBER,CENTER OF A FACILITY OR STATION,30,NA,2050306,20503060803,42071,17022,16,420710106002009,7.146,841.52,NA,NA,0,TRUE,PA7360186,Community water system,NA,NA,Inactive,FALSE,FALSE
NA,PA,110000935114,MT JOY TWP SOUTH SYS,NA,ELIZABETHTOWN,NA,17022,LANCASTER COUNTY,42071,FALSE,NA,ADDRESS MATCHING-HOUSE NUMBER,CENTER OF A FACILITY OR STATION,30,NA,2050306,20503060803,42071,17022,16,420710106002009,7.146,841.52,NA,NA,0,TRUE,PA7360190,Community water system,NA,NA,Inactive,FALSE,FALSE
NA,MA,110051804918,GREEN KARMA FARM,NA,ORANGE,NA,01364,FRANKLIN,NA,FALSE,NA,Zip Code Centroid,NA,10000,NA,NA,NA,NA,NA,NA,NA,NA,NA,NA,TRUE,0,TRUE,MA1223013,Transient non-community system,NA,NA,No Violation Identified,FALSE,FALSE
NA,AR,110012997864,MAGNESS WATER ASSOCIATION,NA,NEWARK,NA,72562,INDEPENDENCE,5063,FALSE,NA,ADDRESS MATCHING-HOUSE NUMBER,ENTRANCE POINT OF A FACILITY OR STATION,50,NA,11010004,110100040706,5063,72562,1,50634904002036,4.393,68.84,NA,TRUE,1,TRUE,AR0000246,Community water system,2,NA,No Violation Identified,FALSE,FALSE
NA,AR,110012997864,MAGNESS WATER ASSOCIATION,NA,NEWARK,NA,72562,INDEPENDENCE,5063,FALSE,NA,ADDRESS MATCHING-HOUSE NUMBER,ENTRANCE POINT OF A FACILITY OR STATION,50,NA,11010004,110100040706,5063,72562,1,50634904002036,4.393,68.84,NA,TRUE,1,TRUE,AR0000248,Community water system,2,NA,No Violation Identified,FALSE,FALSE
NA,MA,110051956380,SEAMAN COTTAGES LLC,NA,EASTHAM,NA,02642,BARNSTABLE,NA,FALSE,NA,Zip Code Centroid,NA,10000,NA,NA,NA,NA,NA,NA,NA,NA,NA,NA,TRUE,0,TRUE,MA4086048,Transient non-community system,NA,NA,No Violation Identified,FALSE,FALSE
MD,DE,110051928303,CAMP PECOMETH FAITH,NA,NA,MD,19901,QUEEN ANNE'S,NA,FALSE,NA,Zip Code Centroid,NA,10000,NA,NA,NA,NA,NA,NA,NA,NA,NA,NA,TRUE,0,TRUE,MD1171184,Transient non-community system,NA,NA,No Violation Identified,FALSE,FALSE
MD,PA,110052617986,SHEETZ #176,NA,NA,MD,16602,FREDERICK,NA,FALSE,NA,Zip Code Centroid,NA,10000,NA,NA,NA,NA,NA,NA,NA,NA,NA,NA,NA,0,TRUE,MD1101247,Transient non-community system,NA,NA,Inactive,FALSE,FALSE
NA,NM,110013109199,VALENCIA STORAGE AND MHP,NA,ALBUQUERQUE,NA,87113,VALENCIA,NA,FALSE,NA,Zip Code Centroid,NA,10000,NA,NA,NA,NA,NA,NA,NA,NA,NA,NA,TRUE,11,TRUE,NM3577532,Community water system,31,NA,Violation Identified,FALSE,FALSE
MD,WV,110013142287,CONOCOCHEAGUE APARTMENTS,NA,NA,MD,25427,WASHINGTON,NA,FALSE,NA,Zip Code Centroid,NA,10000,NA,NA,NA,NA,NA,NA,NA,NA,NA,NA,NA,0,TRUE,MD0210003,Community water system,NA,NA,Inactive,FALSE,FALSE
MD,CT,110013142214,JENSENS HYDE PARK (I/C MD0200003),NA,NA,MD,06489,TALBOT,NA,FALSE,NA,Zip Code Centroid,NA,10000,NA,NA,NA,NA,NA,NA,NA,NA,NA,NA,NA,0,TRUE,MD0200201,Community water system,NA,NA,Inactive,FALSE,FALSE
MD,NJ,110013149930,HILLANDALE MOBILE HOME PARK,NA,NA,MD,08502,CARROLL,NA,FALSE,NA,Zip Code Centroid,NA,10000,NA,NA,NA,NA,NA,NA,NA,NA,NA,NA,TRUE,0,TRUE,MD0060206,Community water system,NA,NA,No Violation Identified,FALSE,FALSE
WI,CA,110052045577,FANNIES SUPPER CLUB,22801 SANDERSON AV,SAN JACINTO,WI,92583,CLARK,NA,FALSE,NA,Zip Code Centroid,NA,10000,NA,NA,NA,NA,NA,NA,NA,NA,NA,NA,TRUE,0,TRUE,WI6100452,Transient non-community system,NA,NA,No Violation Identified,FALSE,FALSE
NA,MA,110051953374,CAMPANELLI DEVELOPMENT,NA,NA,NA,01719,MIDDLESEX,NA,FALSE,NA,Zip Code Centroid,NA,10000,NA,NA,NA,NA,NA,NA,NA,NA,NA,NA,TRUE,0,TRUE,MA2037034,Non-Transient non-community system,NA,NA,No Violation Identified,FALSE,FALSE
NA,MD,110048493590,THE ORENDA CENTER OF  WELLNESS,NA,SABILLASVILLE,NA,21780,FREDERICK,NA,FALSE,NA,Zip Code Centroid,NA,10000,NA,NA,NA,NA,NA,NA,NA,NA,NA,NA,TRUE,0,TRUE,MD0100213,Transient non-community system,NA,NA,No Violation Identified,FALSE,FALSE
MD,PA,110051793528,KENTUCKY FRIED CHICKEN,NA,HERSHEY,MD,17033,ANNE ARUNDEL,NA,FALSE,NA,Zip Code Centroid,NA,10000,NA,NA,NA,NA,NA,NA,NA,NA,NA,NA,NA,0,TRUE,MD1021511,Transient non-community system,NA,NA,Inactive,FALSE,FALSE
CN,MP,110050581615,FIESTA RESORT SAIPAN,P.O. BOX 501029,GARAPAN,CN,96950,NA,69110,FALSE,NA,NA,NA,999999999,NA,NA,NA,69110,96950,NA,691100004001033,0,0,NA,TRUE,8,TRUE,MP0000008,Non-Transient non-community system,NA,NA,Enforcement Priority,FALSE,FALSE
MD,VA,110052525807,LEES MARKET,NA,NA,MD,22657,CHARLES,NA,FALSE,NA,Zip Code Centroid,NA,10000,NA,NA,NA,NA,NA,NA,NA,NA,NA,NA,TRUE,0,TRUE,MD1081052,Transient non-community system,3,NA,No Violation Identified,FALSE,FALSE
WI,OH,110050813946,MAKING CENTS,42660 DEERSVILLE RIDGE ROAD,WISCONSIN RAPIDS,WI,43907,WOOD,39067,FALSE,NA,ADDRESS MATCHING-HOUSE NUMBER,ENTRANCE POINT OF A FACILITY OR STATION,50,NA,5030106,50301060202,39067,43907,6,390679759003001,12.106,130.41,NA,NA,0,TRUE,WI7721463,Transient non-community system,NA,NA,Inactive,FALSE,FALSE
MD,DE,110051928349,CAMP PECOMETH PROGRAM SHELTER,NA,NA,MD,19901,QUEEN ANNE'S,NA,FALSE,NA,Zip Code Centroid,NA,10000,NA,NA,NA,NA,NA,NA,NA,NA,NA,NA,TRUE,0,TRUE,MD1171188,Transient non-community system,NA,NA,No Violation Identified,FALSE,FALSE
MD,CA,110052519253,WAWA MECHANICSVILLE #583,NA,NA,MD,92025,ST. MARY'S,NA,FALSE,NA,Zip Code Centroid,NA,10000,NA,NA,NA,NA,NA,NA,NA,NA,NA,NA,TRUE,0,TRUE,MD1181343,Transient non-community system,NA,NA,No Violation Identified,FALSE,FALSE
NA,CA,110013154264,MEADOW EDGE MHP,NA,VINTON,NA,96135,PLUMAS,NA,FALSE,NA,Zip Code Centroid,NA,10000,NA,NA,NA,NA,NA,NA,NA,NA,NA,NA,TRUE,0,TRUE,CA3200138,Community water system,NA,NA,No Violation Identified,FALSE,FALSE
NA,CA,110013167072,FOSTER ROAD MUTUAL WATER COMPANY,NA,SANTA MARIA,NA,93455,SANTA BARBARA,6083,FALSE,NA,ADDRESS MATCHING-HOUSE NUMBER,CENTER OF A FACILITY OR STATION,30,NA,18060008,180600080502,6083,93455,24,60830020085006,38.285,1445.59,NA,TRUE,4,TRUE,CA4200556,Community water system,NA,1,No Violation Identified,FALSE,TRUE
MD,OH,110052509433,AVILTON INN,NA,BEDFORD,MD,44146,GARRETT,NA,FALSE,NA,Zip Code Centroid,NA,10000,NA,NA,NA,NA,NA,NA,NA,NA,NA,NA,NA,0,TRUE,MD1111004,Transient non-community system,NA,NA,Inactive,FALSE,FALSE
MD,PA,110052696454,HAVRE DE GRACE QUARRY,NA,NA,MD,17331,HARFORD,NA,FALSE,NA,Zip Code Centroid,NA,10000,NA,NA,NA,NA,NA,NA,NA,NA,NA,NA,TRUE,0,TRUE,MD1120061,Non-Transient non-community system,3,NA,No Violation Identified,FALSE,FALSE
ND,MN,110050726586,LDS CHURCH - OTSEGO-IRON CURTAIN,"1655 NORTH GRANDVIEW LANE, SUITE 202",BISMARCK,ND,55803,WRIGHT,NA,FALSE,NA,Zip Code Centroid,NA,10000,NA,NA,NA,NA,NA,NA,NA,NA,NA,NA,TRUE,0,TRUE,MN5860514,Transient non-community system,NA,NA,No Violation Identified,FALSE,FALSE
MD,DE,110052684653,CIRCLE MOTEL,NA,NEWARK,MD,19711,CECIL,NA,FALSE,NA,Zip Code Centroid,NA,10000,NA,NA,NA,NA,NA,NA,NA,NA,NA,NA,NA,0,TRUE,MD1071242,Transient non-community system,NA,NA,Inactive,FALSE,FALSE
MD,VA,110052623256,FINKSBURG CROWN,NA,NA,MD,22079,CARROLL,NA,FALSE,NA,Zip Code Centroid,NA,10000,NA,NA,NA,NA,NA,NA,NA,NA,NA,NA,TRUE,0,TRUE,MD1061192,Transient non-community system,NA,NA,No Violation Identified,FALSE,FALSE
MD,UT,110052669411,CHURCH OF LATTER DAY SAINTS,NA,NA,MD,84150,HARFORD,NA,FALSE,NA,Zip Code Centroid,NA,10000,NA,NA,NA,NA,NA,NA,NA,NA,NA,NA,TRUE,0,TRUE,MD1121290,Transient non-community system,NA,NA,No Violation Identified,FALSE,FALSE
ND,IN,110050878859,WAREHOUSE MARKET,3001 DICKEY RD,EAST CHICAGO,ND,46312,BURLEIGH,NA,FALSE,NA,Zip Code Centroid,NA,10000,NA,NA,NA,NA,NA,NA,NA,NA,NA,NA,NA,0,TRUE,ND0811353,Transient non-community system,NA,NA,Inactive,FALSE,FALSE
MD,DE,110052516032,CAMP TODD GIRL SCOUTS(MAIN CAMP),NA,NA,MD,19713,CAROLINE,NA,FALSE,NA,Zip Code Centroid,NA,10000,NA,NA,NA,NA,NA,NA,NA,NA,NA,NA,TRUE,0,TRUE,MD1051055,Transient non-community system,NA,NA,No Violation Identified,FALSE,FALSE
MD,DE,110051917930,CAMP SANDY PINES CONNIE BELL LODGE,NA,NA,MD,19713,WICOMICO,NA,FALSE,NA,Zip Code Centroid,NA,10000,NA,NA,NA,NA,NA,NA,NA,NA,NA,NA,TRUE,1,TRUE,MD1221187,Transient non-community system,2,NA,No Violation Identified,FALSE,FALSE
NA,WY,110052835893,CENTENNIAL CAMPGROUND,NA,SUNDANCE,NA,82729,CROOK,NA,FALSE,NA,Zip Code Centroid,NA,10000,NA,NA,NA,NA,NA,NA,NA,NA,NA,NA,NA,0,TRUE,SD4601051,Transient non-community system,NA,NA,Inactive,FALSE,FALSE
MD,PA,110013149627,HILLTOP MOBILE HOME PARK,NA,NA,MD,17584,CAROLINE,NA,FALSE,NA,Zip Code Centroid,NA,10000,NA,NA,NA,NA,NA,NA,NA,NA,NA,NA,NA,0,TRUE,MD0050214,Community water system,NA,NA,Inactive,FALSE,FALSE
NA,NY,110051137523,FOX PIZZA MARKET,NA,BERNE,NA,12023,ALBANY,NA,FALSE,NA,Zip Code Centroid,NA,10000,NA,NA,NA,NA,NA,NA,NA,NA,NA,NA,TRUE,0,TRUE,NY0118800,Transient non-community system,NA,NA,No Violation Identified,FALSE,FALSE
MD,VA,110051774031,RIDGEVIEW PLAZA (I/C 0020017),NA,NA,MD,22182,ANNE ARUNDEL,NA,FALSE,NA,Zip Code Centroid,NA,10000,NA,NA,NA,NA,NA,NA,NA,NA,NA,NA,NA,0,TRUE,MD1020082,Non-Transient non-community system,1,NA,Inactive,FALSE,FALSE
MD,FL,110052446475,KUZZENS INC TOMATO PLANT,NA,NA,MD,34143,SOMERSET,NA,FALSE,NA,Zip Code Centroid,NA,10000,NA,NA,NA,NA,NA,NA,NA,NA,NA,NA,TRUE,0,TRUE,MD1191119,Transient non-community system,NA,NA,No Violation Identified,FALSE,FALSE
CA,NV,110013121969,LAKESIDE PARK ASSOCIATION,NA,ZEPHYR COVE,CA,89448,EL DORADO,NA,FALSE,NA,Zip Code Centroid,NA,10000,NA,NA,NA,NA,NA,NA,NA,NA,NA,NA,TRUE,0,TRUE,CA0910019,Community water system,NA,NA,No Violation Identified,FALSE,FALSE
MD,DE,110013149440,CAROLINE ACRES MOBILE HOME PARK,NA,NA,MD,19977,CAROLINE,NA,FALSE,NA,Zip Code Centroid,NA,10000,NA,NA,NA,NA,NA,NA,NA,NA,NA,NA,TRUE,0,TRUE,MD0050204,Community water system,2,NA,No Violation Identified,FALSE,FALSE
MD,VA,110013141741,CALIFORNIA MOBILE HOME PARK,NA,VIRGINIA BEACH,MD,23462,ST. MARY'S,NA,FALSE,NA,Zip Code Centroid,NA,10000,NA,NA,NA,NA,NA,NA,NA,NA,NA,NA,NA,0,TRUE,MD0180220,Community water system,NA,NA,Inactive,FALSE,FALSE
MD,CA,110052609272,SAFEWAY GAS STATION,NA,NA,MD,94596,CALVERT,NA,FALSE,NA,Zip Code Centroid,NA,10000,NA,NA,NA,NA,NA,NA,NA,NA,NA,NA,TRUE,0,TRUE,MD1041247,Transient non-community system,NA,NA,No Violation Identified,FALSE,FALSE
MD,PA,110051941066,FLORAL PLANT GROWERS,NA,NA,MD,18092,CECIL,NA,FALSE,NA,Zip Code Centroid,NA,10000,NA,NA,NA,NA,NA,NA,NA,NA,NA,NA,TRUE,4,TRUE,MD1070056,Non-Transient non-community system,8,NA,No Violation Identified,FALSE,FALSE
MD,OH,110052504893,MCDONALDS,NA,NA,MD,43218,FREDERICK,NA,FALSE,NA,Zip Code Centroid,NA,10000,NA,NA,NA,NA,NA,NA,NA,NA,NA,NA,TRUE,0,TRUE,MD1101265,Transient non-community system,NA,NA,No Violation Identified,FALSE,FALSE
TN,LA,110012901823,KEITHVILLE MOBILE VILLA-TP @ WELL #2,KEITHVILLE MOBILE VILLA,LOOKOUT MOUNTAIN,TN,37350,CADDO,22017,FALSE,NA,ADDRESS MATCHING-HOUSE NUMBER,ENTRANCE POINT OF A FACILITY OR STATION,50,NA,11140206,111402060107,22017,71047,4,220170241022008,24.397,210.98,NA,TRUE,12,TRUE,LA1017001,Community water system,25,NA,Enforcement Priority,FALSE,TRUE
MD,NC,110013145925,BEAVER RUN MOBILE HOME PARK,NA,NA,MD,27518,DORCHESTER,NA,FALSE,NA,Zip Code Centroid,NA,10000,NA,NA,NA,NA,NA,NA,NA,NA,NA,NA,TRUE,2,TRUE,MD0090222,Community water system,5,NA,No Violation Identified,FALSE,FALSE
NA,MD,110052548481,PARK HALL LIQUORS AND DELI,NA,NA,NA,20686,ST. MARY'S,NA,FALSE,NA,Zip Code Centroid,NA,10000,NA,NA,NA,NA,NA,NA,NA,NA,NA,NA,TRUE,0,TRUE,MD1181042,Transient non-community system,NA,NA,No Violation Identified,FALSE,FALSE
MD,VA,110052654944,SHORE STOP #225  (HEBRON),NA,NA,MD,23227,WICOMICO,NA,FALSE,NA,Zip Code Centroid,NA,10000,NA,NA,NA,NA,NA,NA,NA,NA,NA,NA,TRUE,0,TRUE,MD1221116,Transient non-community system,NA,NA,No Violation Identified,FALSE,FALSE
NA,PA,110000934589,BRADY TWP TROUTVILLE,NA,LUTHERSBURG,NA,15848,CLEARFIELD,NA,FALSE,NA,Zip Code Centroid,NA,10000,NA,NA,NA,NA,NA,NA,NA,NA,NA,NA,TRUE,1,TRUE,PA6170036,Community water system,3,NA,No Violation Identified,FALSE,FALSE
NA,PA,110000934589,BRADY TWP TROUTVILLE,NA,LUTHERSBURG,NA,15848,CLEARFIELD,NA,FALSE,NA,Zip Code Centroid,NA,10000,NA,NA,NA,NA,NA,NA,NA,NA,NA,NA,TRUE,1,TRUE,PA6170044,Community water system,3,NA,No Violation Identified,FALSE,FALSE
NA,MA,110051932619,DOROTHY L BECKWITH MIDDLE SCHOOL,NA,REHOBOTH,NA,02769,BRISTOL,NA,FALSE,NA,Zip Code Centroid,NA,10000,NA,NA,NA,NA,NA,NA,NA,NA,NA,NA,TRUE,11,TRUE,MA4247002,Non-Transient non-community system,1,2,No Violation Identified,FALSE,FALSE
MD,PA,110052613640,"WETLANDS,  LOCKSLEY MANOR GOLF COURSE",NA,NA,MD,19311,HARFORD,NA,FALSE,NA,Zip Code Centroid,NA,10000,NA,NA,NA,NA,NA,NA,NA,NA,NA,NA,TRUE,0,TRUE,MD1121227,Transient non-community system,NA,NA,No Violation Identified,FALSE,FALSE
NA,CO,110013180404,CHERRY CREEK VALLEY WSD,NA,LAKEWOOD,NA,80214,DENVER,8059,FALSE,NA,ADDRESS MATCHING-HOUSE NUMBER,CENTER OF A FACILITY OR STATION,30,NA,10190002,101900020904,8059,80214,7,80590111002006,48.247,4910.34,NA,TRUE,0,TRUE,CO0103176,Community water system,NA,NA,No Violation Identified,FALSE,FALSE
NA,CO,110013180404,CHERRY CREEK VALLEY WSD,NA,LAKEWOOD,NA,80214,DENVER,8059,FALSE,NA,ADDRESS MATCHING-HOUSE NUMBER,CENTER OF A FACILITY OR STATION,30,NA,10190002,101900020904,8059,80214,7,80590111002006,48.247,4910.34,NA,TRUE,0,TRUE,CO0116175,Community water system,NA,NA,No Violation Identified,FALSE,FALSE
NA,AR,110013002437,OZAN WATERWORKS,NA,FULTON,NA,71838,HEMPSTEAD,NA,FALSE,NA,Zip Code Centroid,NA,10000,NA,NA,NA,NA,NA,NA,NA,NA,NA,NA,TRUE,12,TRUE,AR0000227,Community water system,18,3,Violation Identified,FALSE,FALSE
NA,AR,110013002437,OZAN WATERWORKS,NA,FULTON,NA,71838,HEMPSTEAD,NA,FALSE,NA,Zip Code Centroid,NA,10000,NA,NA,NA,NA,NA,NA,NA,NA,NA,NA,TRUE,12,TRUE,AR0000231,Community water system,18,3,Violation Identified,FALSE,FALSE
NA,IA,110013103426,SUNNYSIDE VILLAGE MHP LLC,NA,MISSOURI VALLEY,NA,51555,HARRISON,19085,FALSE,NA,ADDRESS MATCHING-HOUSE NUMBER,ENTRANCE POINT OF A FACILITY OR STATION,50,Ponca Tribe of Nebraska - 19.8 mile(s),10230007,102300070605,19085,51555,4,190852904003000,3.691,136.91,NA,TRUE,1,TRUE,IA4300600,Community water system,10,NA,Violation Identified,FALSE,FALSE
MD,SC,110052564587,AMICK FARMS,NA,NA,MD,29070,DORCHESTER,NA,FALSE,NA,Zip Code Centroid,NA,10000,NA,NA,NA,NA,NA,NA,NA,NA,NA,NA,TRUE,1,TRUE,MD1090003,Non-Transient non-community system,1,NA,No Violation Identified,FALSE,FALSE
MD,PA,110052580603,WAWA # 585,NA,NA,MD,19063,CECIL,NA,FALSE,NA,Zip Code Centroid,NA,10000,NA,NA,NA,NA,NA,NA,NA,NA,NA,NA,TRUE,0,TRUE,MD1071296,Transient non-community system,NA,NA,No Violation Identified,FALSE,FALSE
NA,MD,110052696392,CHILDTIME LEARNING CENTERS,NA,NA,NA,21046,HARFORD,NA,FALSE,NA,Zip Code Centroid,NA,10000,NA,NA,NA,NA,NA,NA,NA,NA,NA,NA,TRUE,10,TRUE,MD1120059,Non-Transient non-community system,12,NA,Enforcement Priority,FALSE,FALSE
NA,MA,110012997310,COLRAIN FIRE DISTRICT 1,NA,COLRAIN,NA,01340,FRANKLIN,NA,FALSE,NA,Zip Code Centroid,NA,10000,NA,NA,NA,NA,NA,NA,NA,NA,NA,NA,TRUE,1,TRUE,MA1066000,Community water system,NA,2,No Violation Identified,FALSE,FALSE
MD,TX,110052595740,7-11 SUNDERLAND,NA,NA,MD,75204,CALVERT,NA,FALSE,NA,Zip Code Centroid,NA,10000,NA,NA,NA,NA,NA,NA,NA,NA,NA,NA,TRUE,0,TRUE,MD1041236,Transient non-community system,NA,NA,No Violation Identified,FALSE,FALSE
NA,MA,110051850449,LEXI LUS PLACE,NA,WESTPORT,NA,02790,BRISTOL,NA,FALSE,NA,Zip Code Centroid,NA,10000,NA,NA,NA,NA,NA,NA,NA,NA,NA,NA,TRUE,0,TRUE,MA4334030,Transient non-community system,NA,NA,No Violation Identified,FALSE,FALSE
MD,PA,110052601234,SCHEIBLES FISHING CENTER INC.,NA,NA,MD,17349,ST. MARY'S,NA,FALSE,NA,Zip Code Centroid,NA,10000,NA,NA,NA,NA,NA,NA,NA,NA,NA,NA,NA,0,TRUE,MD1181150,Transient non-community system,NA,NA,Inactive,FALSE,FALSE
MD,DC,110051758219,YMCA CAMP LETTS WELL # 5 (SEE 1021061),NA,NA,MD,20036,ANNE ARUNDEL,NA,FALSE,NA,Zip Code Centroid,NA,10000,NA,NA,NA,NA,NA,NA,NA,NA,NA,NA,NA,0,TRUE,MD1021544,Transient non-community system,1,NA,Inactive,FALSE,FALSE
MD,DE,110052606989,CAMP TODD  LAKEVIEW LODGE,NA,NA,MD,19713,CAROLINE,NA,FALSE,NA,Zip Code Centroid,NA,10000,NA,NA,NA,NA,NA,NA,NA,NA,NA,NA,TRUE,0,TRUE,MD1051063,Transient non-community system,NA,NA,No Violation Identified,FALSE,FALSE
MD,TX,110051864675,BOSTON MARKET #2729,NA,NA,MD,77251,ANNE ARUNDEL,NA,FALSE,NA,Zip Code Centroid,NA,10000,NA,NA,NA,NA,NA,NA,NA,NA,NA,NA,NA,0,TRUE,MD1021502,Transient non-community system,NA,NA,Inactive,FALSE,FALSE
RI,MA,110009812907,BLACKSTONE SMITHFIELD CORPORATION,1 TUPPERWARE DR,NORTH SMITHFIELD,RI,02896,PROVIDENCE,44007,FALSE,NA,ADDRESS MATCHING-HOUSE NUMBER,ENTRANCE POINT OF A FACILITY OR STATION,50,NA,1090003,10900030206,44007,2896,1,440070128012011,20.755,1895.11,NA,NA,0,TRUE,RI1592013,Non-Transient non-community system,NA,NA,Inactive,FALSE,FALSE
MD,WV,110052513179,BFS FOODS,NA,NA,MD,26505,GARRETT,NA,FALSE,NA,Zip Code Centroid,NA,10000,NA,NA,NA,NA,NA,NA,NA,NA,NA,NA,TRUE,0,TRUE,MD1111137,Transient non-community system,NA,NA,No Violation Identified,FALSE,FALSE
NA,MA,110051922504,BLOCK AND TACKLE,NA,WELLFLEET,NA,02667,BARNSTABLE,NA,FALSE,NA,Zip Code Centroid,NA,10000,NA,NA,NA,NA,NA,NA,NA,NA,NA,NA,TRUE,7,TRUE,MA4318055,Transient non-community system,NA,1,Violation Identified,FALSE,FALSE
NA,NM,110013123048,MAXWELL WATER SYSTEM,NA,MAXWELL,NA,87728,COLFAX,NA,FALSE,NA,Zip Code Centroid,NA,10000,NA,NA,NA,NA,NA,NA,NA,NA,NA,NA,TRUE,9,TRUE,NM3510104,Community water system,49,NA,No Violation Identified,FALSE,FALSE
NA,NM,110013123048,MAXWELL WATER SYSTEM,NA,MAXWELL,NA,87728,COLFAX,NA,FALSE,NA,Zip Code Centroid,NA,10000,NA,NA,NA,NA,NA,NA,NA,NA,NA,NA,TRUE,9,TRUE,NM3526404,Community water system,49,NA,No Violation Identified,FALSE,FALSE
NA,AR,110013014898,BALD KNOB WATERWORKS,NA,BALD KNOB,NA,72010,WHITE,5145,FALSE,NA,ADDRESS MATCHING-HOUSE NUMBER,CENTER OF A FACILITY OR STATION,30,NA,11010014,110100140904,5145,72010,2,51450706004000,8.212,105.35,NA,TRUE,3,TRUE,AR0000584,Community water system,4,NA,No Violation Identified,FALSE,FALSE
NA,AR,110013014898,BALD KNOB WATERWORKS,NA,BALD KNOB,NA,72010,WHITE,5145,FALSE,NA,ADDRESS MATCHING-HOUSE NUMBER,CENTER OF A FACILITY OR STATION,30,NA,11010014,110100140904,5145,72010,2,51450706004000,8.212,105.35,NA,TRUE,3,TRUE,AR0000689,Community water system,4,NA,No Violation Identified,FALSE,FALSE
MD,DE,110052606961,CAMP TODD CHOPTANK LODGE,NA,NA,MD,19713,CAROLINE,NA,FALSE,NA,Zip Code Centroid,NA,10000,NA,NA,NA,NA,NA,NA,NA,NA,NA,NA,TRUE,0,TRUE,MD1051062,Transient non-community system,NA,NA,No Violation Identified,FALSE,FALSE
NA,MD,110052657291,SOTTERLY MANSION FOUNDATION,NA,NA,NA,20636,ST. MARY'S,NA,FALSE,NA,Zip Code Centroid,NA,10000,NA,NA,NA,NA,NA,NA,NA,NA,NA,NA,TRUE,0,TRUE,MD1181161,Transient non-community system,NA,NA,No Violation Identified,FALSE,FALSE
MD,DC,110051758157,YMCA CAMP LETTS WELL # 2,NA,NA,MD,20036,ANNE ARUNDEL,NA,FALSE,NA,Zip Code Centroid,NA,10000,NA,NA,NA,NA,NA,NA,NA,NA,NA,NA,TRUE,0,TRUE,MD1021541,Transient non-community system,1,NA,No Violation Identified,FALSE,FALSE
MD,FL,110052464221,KUZZENS LABOR CAMP - SECTION C,NA,NA,MD,34143,SOMERSET,NA,FALSE,NA,Zip Code Centroid,NA,10000,NA,NA,NA,NA,NA,NA,NA,NA,NA,NA,TRUE,0,TRUE,MD1191123,Transient non-community system,NA,NA,No Violation Identified,FALSE,FALSE
NA,CA,110013166055,SAINT MARIE MOBILE HOME PARK,NA,SANTA MARIA,NA,93458,SANTA BARBARA,6083,FALSE,NA,ADDRESS MATCHING-HOUSE NUMBER,ENTRANCE POINT OF A FACILITY OR STATION,50,NA,18060008,180600080503,6083,93458,24,60830024022005,81.491,3399.78,NA,TRUE,8,TRUE,CA4200842,Community water system,NA,3,No Violation Identified,FALSE,TRUE
WA,OR,110012853206,WALLA WALLA WATER TREATMENT PLANT,MILL CREEK RD,WALLA WALLA,WA,99362,WALLA WALLA,41059,FALSE,NA,INTERPOLATION-PHOTO,FACILITY CENTROID,999999999,Confederated Tribes of the Umatilla Indian Reservation - 20.9 mile(s),17070102,170701020202,41059,97862,2,410599501003000,5.556,1.89,NA,TRUE,9,TRUE,WA5392500,Community water system,NA,1,No Violation Identified,FALSE,FALSE
MD,DE,110052592342,"NAPA AND RED OCTOPUS TATTOO SHOP",NA,NA,MD,19709,CALVERT,NA,FALSE,NA,Zip Code Centroid,NA,10000,NA,NA,NA,NA,NA,NA,NA,NA,NA,NA,TRUE,0,TRUE,MD1041263,Transient non-community system,NA,NA,No Violation Identified,FALSE,FALSE
NA,NM,110013123814,WHISKEY CREEK PROPERTIES,NA,NA,NA,NA,GRANT,35017,FALSE,NA,ADDRESS MATCHING-BLOCK FACE,ENTRANCE POINT OF A FACILITY OR STATION,1000,NA,13030202,130302020201,35017,88061,2,350179647003072,46.639,118.5,NA,TRUE,0,TRUE,NM3510509,Community water system,1,NA,No Violation Identified,FALSE,FALSE
NA,AR,110013000661,CARBON CITY WATER,NA,PARIS,NA,72855,LOGAN,5083,FALSE,NA,ADDRESS MATCHING-HOUSE NUMBER,ENTRANCE POINT OF A FACILITY OR STATION,50,NA,11110202,111102020107,5083,72855,4,50839502001096,13.936,29.21,NA,TRUE,2,TRUE,AR0000325,Community water system,12,1,No Violation Identified,FALSE,FALSE
NA,AR,110013000661,CARBON CITY WATER,NA,PARIS,NA,72855,LOGAN,5083,FALSE,NA,ADDRESS MATCHING-HOUSE NUMBER,ENTRANCE POINT OF A FACILITY OR STATION,50,NA,11110202,111102020107,5083,72855,4,50839502001096,13.936,29.21,NA,TRUE,2,TRUE,AR0000331,Community water system,12,1,No Violation Identified,FALSE,FALSE
NA,WI,110013070942,ROLLING MEADOWS OF LARSEN LLC,NA,LARSEN,NA,54947,WINNEBAGO,55139,FALSE,NA,NA,NA,999999999,Oneida Nation - 24.1 mile(s),4030202,40302022102,55139,54947,8,551390022022045,1.901,59.99,NA,TRUE,0,TRUE,WI4710458,Community water system,NA,NA,No Violation Identified,FALSE,FALSE
IL,CA,110012993298,"GREEN MEADOW ESTATES OF ROCKFORD LLC-TP 01-WELLS 1,2,5",SARATOGA GROUP,AUBURN,IL,95603,WINNEBAGO,NA,FALSE,NA,Zip Code Centroid,NA,10000,NA,NA,NA,NA,NA,NA,NA,NA,NA,NA,TRUE,8,TRUE,IL2015495,Community water system,19,NA,Enforcement Priority,FALSE,FALSE
MD,WV,110052453910,MCDONALDS THAYERVILLE,NA,BRIDGEPORT,MD,26330,GARRETT,NA,FALSE,NA,Zip Code Centroid,NA,10000,NA,NA,NA,NA,NA,NA,NA,NA,NA,NA,NA,0,TRUE,MD1111111,Transient non-community system,NA,NA,Inactive,FALSE,FALSE
MD,PA,110063337544,SALISBURY CHURCH OF LDS,NA,NA,MD,18014,WICOMICO,NA,FALSE,NA,Zip Code Centroid,NA,10000,NA,NA,NA,NA,NA,NA,NA,NA,NA,NA,TRUE,0,TRUE,MD1221190,Transient non-community system,1,NA,No Violation Identified,FALSE,FALSE
MD,TX,110051758059,LAKE SHORE EXXON,NA,NA,MD,77001,ANNE ARUNDEL,NA,FALSE,NA,Zip Code Centroid,NA,10000,NA,NA,NA,NA,NA,NA,NA,NA,NA,NA,TRUE,0,TRUE,MD1021536,Transient non-community system,NA,NA,No Violation Identified,FALSE,FALSE
MD,CA,110052448534,SILKYS STOP-N-SHOP,NA,NA,MD,92025,WORCESTER,NA,FALSE,NA,Zip Code Centroid,NA,10000,NA,NA,NA,NA,NA,NA,NA,NA,NA,NA,NA,0,TRUE,MD1231153,Transient non-community system,NA,NA,Inactive,FALSE,FALSE
NA,MD,110049181023,LUCREZIAS CHILDCARE,NA,HUNTINGTOWN,NA,20639,CALVERT,NA,FALSE,NA,Zip Code Centroid,NA,10000,NA,NA,NA,NA,NA,NA,NA,NA,NA,NA,TRUE,1,TRUE,MD1040053,Non-Transient non-community system,2,NA,No Violation Identified,FALSE,FALSE
NY,NJ,110013093801,LAKE ERIE ESTATES,NA,FREEHOLD,NY,07728,CHAUTAUQUA,NA,FALSE,NA,Zip Code Centroid,NA,10000,NA,NA,NA,NA,NA,NA,NA,NA,NA,NA,TRUE,1,TRUE,NY0600904,Community water system,3,1,No Violation Identified,FALSE,FALSE
MO,KS,110048159265,OAKWOOD HILLS SUBDIVISION-TREATMENT,UR & R DEVELOPMENT,MERRIAM,MO,66203,CAMDEN,NA,FALSE,NA,Zip Code Centroid,NA,10000,NA,NA,NA,NA,NA,NA,NA,NA,NA,NA,TRUE,0,TRUE,MO5031469,Community water system,NA,NA,No Violation Identified,FALSE,FALSE
MD,VA,110064359929,"VALLEY PROTEINS, INC.",NA,NA,MD,22604,DORCHESTER,NA,FALSE,NA,Zip Code Centroid,NA,10000,NA,NA,NA,NA,NA,NA,NA,NA,NA,NA,TRUE,5,TRUE,MD1090027,Non-Transient non-community system,4,NA,No Violation Identified,FALSE,FALSE
NA,MA,110051960053,MECHANICS HALL,NA,PRINCETON,NA,01541,WORCESTER,NA,FALSE,NA,Zip Code Centroid,NA,10000,NA,NA,NA,NA,NA,NA,NA,NA,NA,NA,NA,0,TRUE,MA2241013,Transient non-community system,NA,NA,Inactive,FALSE,FALSE
NA,MA,110051757103,WELLS PROVISIONS,NA,CHARLEMONT,NA,01339,FRANKLIN,NA,FALSE,NA,Zip Code Centroid,NA,10000,NA,NA,NA,NA,NA,NA,NA,NA,NA,NA,TRUE,0,TRUE,MA1053031,Transient non-community system,NA,NA,No Violation Identified,FALSE,FALSE
MD,DC,110051758273,YMCA CAMP LETTS WELL # 8 (SEE 1021061),NA,NA,MD,20036,ANNE ARUNDEL,NA,FALSE,NA,Zip Code Centroid,NA,10000,NA,NA,NA,NA,NA,NA,NA,NA,NA,NA,NA,0,TRUE,MD1021547,Transient non-community system,NA,NA,Inactive,FALSE,FALSE
MD,DE,110052594858,RODNEY SCOUT CAMP,NA,NA,MD,19801,CECIL,NA,FALSE,NA,Zip Code Centroid,NA,10000,NA,NA,NA,NA,NA,NA,NA,NA,NA,NA,TRUE,1,TRUE,MD1071123,Transient non-community system,3,NA,No Violation Identified,FALSE,FALSE
MD,DE,110052578652,CHESAPEAKE FARMS (BROADKNOX),NA,NA,MD,19899,KENT,NA,FALSE,NA,Zip Code Centroid,NA,10000,NA,NA,NA,NA,NA,NA,NA,NA,NA,NA,TRUE,0,TRUE,MD1141103,Transient non-community system,NA,NA,No Violation Identified,FALSE,FALSE
CN,MP,110050581642,HYATT HOTEL SAIPAN,P.O. BOX 5087,GARAPAN,CN,96950,NA,NA,FALSE,NA,Zip Code Centroid,NA,10000,NA,NA,NA,NA,NA,NA,NA,NA,NA,NA,TRUE,7,TRUE,MP0000009,"Non-Transient non-community system, Community water system",NA,NA,Violation Identified,FALSE,FALSE
CN,MP,110050581642,HYATT HOTEL SAIPAN,P.O. BOX 5087,GARAPAN,CN,96950,NA,NA,FALSE,NA,Zip Code Centroid,NA,10000,NA,NA,NA,NA,NA,NA,NA,NA,NA,NA,TRUE,7,TRUE,MP0000011,"Non-Transient non-community system, Community water system",NA,NA,Violation Identified,FALSE,FALSE
MD,VA,110052470606,CAMP BRIGHTON WOODS (GIRL SCOUTS NATION),NA,NA,MD,20176,MONTGOMERY,NA,FALSE,NA,Zip Code Centroid,NA,10000,NA,NA,NA,NA,NA,NA,NA,NA,NA,NA,TRUE,0,TRUE,MD1151004,Transient non-community system,NA,NA,No Violation Identified,FALSE,FALSE
MD,PA,110051941100,WARWICK MUSHROOM FARM,NA,NA,MD,19348,CECIL,NA,FALSE,NA,Zip Code Centroid,NA,10000,NA,NA,NA,NA,NA,NA,NA,NA,NA,NA,TRUE,5,TRUE,MD1070062,Non-Transient non-community system,5,NA,No Violation Identified,FALSE,FALSE
MD,WV,110052473480,GOOD TO GO (FUNNY FARM),NA,NA,MD,26525,GARRETT,NA,FALSE,NA,Zip Code Centroid,NA,10000,NA,NA,NA,NA,NA,NA,NA,NA,NA,NA,TRUE,0,TRUE,MD1111132,Transient non-community system,NA,NA,No Violation Identified,FALSE,FALSE
MD,PA,110051941583,WAWA # 595,NA,NA,MD,19063,ANNE ARUNDEL,NA,FALSE,NA,Zip Code Centroid,NA,10000,NA,NA,NA,NA,NA,NA,NA,NA,NA,NA,TRUE,0,TRUE,MD1021741,Transient non-community system,1,NA,No Violation Identified,FALSE,FALSE
MD,PA,110013142508,DEER LODGE MOBILE HOME PARK,NA,NA,MD,17830,WASHINGTON,NA,FALSE,NA,Zip Code Centroid,NA,10000,NA,NA,NA,NA,NA,NA,NA,NA,NA,NA,TRUE,0,TRUE,MD0210202,Community water system,NA,NA,No Violation Identified,FALSE,FALSE
MD,WV,110052453947,BURGER KING AND BFS,NA,NA,MD,26505,GARRETT,NA,FALSE,NA,Zip Code Centroid,NA,10000,NA,NA,NA,NA,NA,NA,NA,NA,NA,NA,NA,0,TRUE,MD1111112,Transient non-community system,NA,NA,Inactive,FALSE,FALSE
MD,PA,110052609913,WESTMINSTER NATIONAL GOLF COURSE,NA,NA,MD,17015,CARROLL,NA,FALSE,NA,Zip Code Centroid,NA,10000,NA,NA,NA,NA,NA,NA,NA,NA,NA,NA,TRUE,0,TRUE,MD1061184,Transient non-community system,NA,NA,No Violation Identified,FALSE,FALSE
MD,DE,110052457872,EZ QUICK FOOD MARKETAND DUNKIN DONUTS,NA,NA,MD,19803,HARFORD,NA,FALSE,NA,Zip Code Centroid,NA,10000,NA,NA,NA,NA,NA,NA,NA,NA,NA,NA,TRUE,0,TRUE,MD1121127,Transient non-community system,NA,NA,No Violation Identified,FALSE,FALSE
MD,DE,110013148218,PINE HILLS,NA,NA,MD,19702,CECIL,NA,FALSE,NA,Zip Code Centroid,NA,10000,NA,NA,NA,NA,NA,NA,NA,NA,NA,NA,TRUE,0,TRUE,MD0070019,Community water system,NA,NA,No Violation Identified,FALSE,FALSE
MD,DC,110052642814,HUGHESVILLE SHELTER/ ANGEL WATCH,NA,NA,MD,20001,CHARLES,NA,FALSE,NA,Zip Code Centroid,NA,10000,NA,NA,NA,NA,NA,NA,NA,NA,NA,NA,TRUE,10,TRUE,MD1081133,Transient non-community system,8,NA,No Violation Identified,FALSE,FALSE
MD,DE,110052535164,MOLLYS,NA,NA,MD,19702,KENT,NA,FALSE,NA,Zip Code Centroid,NA,10000,NA,NA,NA,NA,NA,NA,NA,NA,NA,NA,TRUE,0,TRUE,MD1141111,Transient non-community system,NA,NA,No Violation Identified,FALSE,FALSE
CA,NV,110013177515,"HIDDEN VALLEY TRAILER PARK, INC",NA,RENO,CA,89501,TUOLUMNE,NA,FALSE,NA,Zip Code Centroid,NA,10000,NA,NA,NA,NA,NA,NA,NA,NA,NA,NA,NA,0,TRUE,CA5500127,Community water system,NA,NA,Inactive,FALSE,FALSE
MD,PA,110052472187,LAKELAND CONDOS,NA,LAWRENCE,MD,15055,GARRETT,NA,FALSE,NA,Zip Code Centroid,NA,10000,NA,NA,NA,NA,NA,NA,NA,NA,NA,NA,NA,0,TRUE,MD1111121,Transient non-community system,NA,NA,Inactive,FALSE,FALSE
NA,AR,110013002605,KIMZEY REGIONAL WATER DISTRICT,NA,MALVERN,NA,72104,HOT SPRING,5059,FALSE,NA,ADDRESS MATCHING-HOUSE NUMBER,ENTRANCE POINT OF A FACILITY OR STATION,50,NA,8040102,80401020104,5059,72104,4,50590203001023,33.822,445.06,NA,TRUE,0,TRUE,AR0000240,Community water system,NA,NA,No Violation Identified,FALSE,TRUE
NA,AR,110013002605,KIMZEY REGIONAL WATER DISTRICT,NA,MALVERN,NA,72104,HOT SPRING,5059,FALSE,NA,ADDRESS MATCHING-HOUSE NUMBER,ENTRANCE POINT OF A FACILITY OR STATION,50,NA,8040102,80401020104,5059,72104,4,50590203001023,33.822,445.06,NA,TRUE,0,TRUE,AR0000821,Community water system,NA,NA,No Violation Identified,FALSE,TRUE
MD,TX,110052695348,SEVEN-ELEVEN #22281,NA,NA,MD,75221,HARFORD,NA,FALSE,NA,Zip Code Centroid,NA,10000,NA,NA,NA,NA,NA,NA,NA,NA,NA,NA,TRUE,1,TRUE,MD1121256,Transient non-community system,1,NA,No Violation Identified,FALSE,FALSE
MD,PA,110052586091,WAWA INC  STORE#556,NA,NA,MD,19063,WORCESTER,NA,FALSE,NA,Zip Code Centroid,NA,10000,NA,NA,NA,NA,NA,NA,NA,NA,NA,NA,TRUE,0,TRUE,MD1231049,Transient non-community system,NA,NA,No Violation Identified,FALSE,FALSE
NA,TX,110013264314,TURKEY MUNICIPAL WATER SYSTEM,NA,TURKEY,NA,79261,HALL,48191,FALSE,NA,ADDRESS MATCHING-NEAREST INTERSECTION,ENTRANCE POINT OF A FACILITY OR STATION,200,NA,11130103,111301030305,48191,79261,13,481919505003692,35.185,17.24,NA,TRUE,12,TRUE,TX0960001,Community water system,151,1,Violation Identified,FALSE,FALSE
NA,TX,110013264314,TURKEY MUNICIPAL WATER SYSTEM,NA,TURKEY,NA,79261,HALL,48191,FALSE,NA,ADDRESS MATCHING-NEAREST INTERSECTION,ENTRANCE POINT OF A FACILITY OR STATION,200,NA,11130103,111301030305,48191,79261,13,481919505003692,35.185,17.24,NA,TRUE,12,TRUE,TX0960003,Community water system,151,1,Violation Identified,FALSE,FALSE
NA,PA,110010237127,BROOKLINE MANOR,NA,MIFFLINTOWN,NA,17059,JUNIATA,42067,FALSE,NA,ADDRESS MATCHING-HOUSE NUMBER,NA,183,NA,2050304,20503040802,42067,17059,10,420670701003006,2.919,68.53,NA,TRUE,9,TRUE,PA4340001,Community water system,38,NA,Violation Identified,FALSE,FALSE
NA,PA,110010237127,BROOKLINE MANOR,NA,MIFFLINTOWN,NA,17059,JUNIATA,42067,FALSE,NA,ADDRESS MATCHING-HOUSE NUMBER,NA,183,NA,2050304,20503040802,42067,17059,10,420670701003006,2.919,68.53,NA,TRUE,9,TRUE,PA4340003,Community water system,38,NA,Violation Identified,FALSE,FALSE
NA,MA,110051837189,BLUE HILLS SPRING WATER,NA,QUINCY,NA,02171,NORFOLK,NA,FALSE,NA,Zip Code Centroid,NA,10000,NA,NA,NA,NA,NA,NA,NA,NA,NA,NA,TRUE,0,TRUE,MA3243003,Transient non-community system,NA,NA,No Violation Identified,FALSE,FALSE
MD,VA,110052618119,MOUNT AIRY EXXON,NA,NA,MD,23831,FREDERICK,NA,FALSE,NA,Zip Code Centroid,NA,10000,NA,NA,NA,NA,NA,NA,NA,NA,NA,NA,TRUE,0,TRUE,MD1101253,Transient non-community system,NA,NA,No Violation Identified,FALSE,FALSE
CO,WY,110013179906,BOND WS-TREATMENT FACILITY FOR WELL,105 W 15TH ST,CHEYENNE,CO,82001,EAGLE,56021,FALSE,NA,ADDRESS MATCHING-HOUSE NUMBER,CENTER OF A FACILITY OR STATION,30,NA,10190009,101900090107,56021,82001,1,560210007001130,NA,NA,NA,TRUE,0,TRUE,CO0119152,Transient non-community system,NA,NA,No Violation Identified,FALSE,TRUE
MN,SD,110008803811,BROWNS VALLEY,NA,BROWNS VALLEY,MN,56219,TRAVERSE,NA,FALSE,NA,Zip Code Centroid,NA,10000,NA,NA,NA,NA,NA,NA,NA,NA,NA,NA,TRUE,0,TRUE,MN1780001,Community water system,NA,NA,No Violation Identified,FALSE,FALSE
OR,ID,110064679888,NYSSA WATER SYSTEM,HIGHWAY 20/26,NYSSA,OR,97913,MALHEUR,16027,FALSE,NA,INTERPOLATION-PHOTO,FACILITY CENTROID,99999999,NA,17050115,170501150102,16027,83660,1,160270221001004,49.771,187.12,NA,TRUE,4,TRUE,OR4100579,Community water system,15,1,No Violation Identified,FALSE,FALSE
MO,LA,110013020783,WILDWOOD SOUTH WATER SYSTEM-REMOTE WELL NO 2 PLANT,CENTRAL STATES WATER RESOURCES,ST. LOUIS,MO,63131,CADDO,22015,FALSE,NA,ADDRESS MATCHING-HOUSE NUMBER,ENTRANCE POINT OF A FACILITY OR STATION,50,NA,11140204,111402040302,22015,71111,4,220150104002047,62.134,1982.79,NA,TRUE,10,TRUE,LA1017042,Community water system,41,2,No Violation Identified,FALSE,TRUE
NA,MD,110051940931,"ISE AMERICA, INC. - ROUTE 282",NA,NA,NA,21635,CECIL,NA,FALSE,NA,Zip Code Centroid,NA,10000,NA,NA,NA,NA,NA,NA,NA,NA,NA,NA,NA,0,TRUE,MD1070041,Non-Transient non-community system,NA,NA,Inactive,FALSE,FALSE
MD,DE,110052689783,AVALON MARKET,NA,SEAFORD,MD,19973,WORCESTER,NA,FALSE,NA,Zip Code Centroid,NA,10000,NA,NA,NA,NA,NA,NA,NA,NA,NA,NA,NA,0,TRUE,MD1231277,Transient non-community system,NA,NA,Inactive,FALSE,FALSE
MD,DC,110052671934,CAMP WINONA,NA,NA,MD,20008,CHARLES,NA,FALSE,NA,Zip Code Centroid,NA,10000,NA,NA,NA,NA,NA,NA,NA,NA,NA,NA,TRUE,3,TRUE,MD1081017,Transient non-community system,7,NA,No Violation Identified,FALSE,FALSE
MD,PA,110052628000,MARYLAND NATIONAL GOLF CLUB,NA,NA,MD,15106,FREDERICK,NA,FALSE,NA,Zip Code Centroid,NA,10000,NA,NA,NA,NA,NA,NA,NA,NA,NA,NA,TRUE,0,TRUE,MD1101324,Transient non-community system,NA,NA,No Violation Identified,FALSE,FALSE
NA,SC,110008568736,SCOTLAND YARD MHP (SC4660105),NA,FORT MILL,NA,29730,YORK,NA,FALSE,NA,Zip Code Centroid,NA,10000,NA,NA,NA,NA,NA,NA,NA,NA,NA,NA,TRUE,0,TRUE,SC4660105,Community water system,NA,NA,No Violation Identified,FALSE,FALSE
IL,CO,110013007780,"ILCV CANDLE MHP, LLC-TP01 - TREATMENT PLANT AT CC01","ILCV CANDLE MHP, LLC",CEDAREDGE,IL,81413,ROCK ISLAND,NA,FALSE,NA,Zip Code Centroid,NA,10000,NA,NA,NA,NA,NA,NA,NA,NA,NA,NA,TRUE,11,TRUE,IL1610120,Community water system,39,NA,Violation Identified,FALSE,FALSE
MD,VA,110051934546,INDIAN CREEK UPPER/MIDDLE SCHOOL-TP01-WTP -WELL 1 AND IRRIGATION WELL,680 EVERGREEN RD,CROWNSVILLE,MD,20132,ANNE ARUNDEL,NA,FALSE,NA,Zip Code Centroid,NA,10000,NA,NA,NA,NA,NA,NA,NA,NA,NA,NA,TRUE,0,TRUE,MD1020134,Non-Transient non-community system,NA,NA,No Violation Identified,FALSE,FALSE
NA,OK,110012853046,ADAIR CO RWD #3,NA,STILWELL,NA,74960,ADAIR,40001,FALSE,NA,ADDRESS MATCHING-HOUSE NUMBER,ENTRANCE POINT OF A FACILITY OR STATION,50,Cherokee Nation - 0 mile(s),11110103,111101030901,40001,74960,2,400013769003042,66.583,196.86,NA,TRUE,5,TRUE,OK3000106,Community water system,12,NA,No Violation Identified,FALSE,TRUE
NA,OK,110012853046,ADAIR CO RWD #3,NA,STILWELL,NA,74960,ADAIR,40001,FALSE,NA,ADDRESS MATCHING-HOUSE NUMBER,ENTRANCE POINT OF A FACILITY OR STATION,50,Cherokee Nation - 0 mile(s),11110103,111101030901,40001,74960,2,400013769003042,66.583,196.86,NA,TRUE,5,TRUE,OK3000107,Community water system,12,NA,No Violation Identified,FALSE,TRUE
MD,TN,110052509273,PILOT TRAVEL CENTER & ARBYS RESTAURANT,NA,NA,MD,37909,GARRETT,NA,FALSE,NA,Zip Code Centroid,NA,10000,NA,NA,NA,NA,NA,NA,NA,NA,NA,NA,TRUE,0,TRUE,MD1110028,Non-Transient non-community system,NA,NA,No Violation Identified,FALSE,FALSE
NA,MA,110051827920,PRIMO WATER @ HANNAFORD,NA,CHELMSFORD,NA,01824,MIDDLESEX,NA,FALSE,NA,Zip Code Centroid,NA,10000,NA,NA,NA,NA,NA,NA,NA,NA,NA,NA,TRUE,0,TRUE,MA3056003,Transient non-community system,NA,NA,No Violation Identified,FALSE,FALSE
MD,DC,110052569644,ALAMO COURT MOTEL,NA,NA,MD,20016,WORCESTER,NA,FALSE,NA,Zip Code Centroid,NA,10000,NA,NA,NA,NA,NA,NA,NA,NA,NA,NA,TRUE,0,TRUE,MD1231193,Transient non-community system,NA,NA,No Violation Identified,FALSE,FALSE
MD,DC,110052677126,ASSATEAGUE NATIONAL PARK NORTH BEACH,NA,NA,MD,20240,WORCESTER,NA,FALSE,TRUE,Zip Code Centroid,NA,10000,NA,NA,NA,NA,NA,NA,NA,NA,NA,NA,TRUE,0,TRUE,MD1231261,Transient non-community system,NA,NA,No Violation Identified,FALSE,FALSE
NA,MD,110052442424,GROVE POINT PROGRAM CENTER KITCHEN-WTP 1 - WELL 1,NA,NA,NA,21919,CECIL,NA,FALSE,NA,Zip Code Centroid,NA,10000,NA,NA,NA,NA,NA,NA,NA,NA,NA,NA,TRUE,1,TRUE,MD1071098,Transient non-community system,1,NA,No Violation Identified,FALSE,FALSE
NA,CO,110013179577,ARAPAHOE CNTY WWWA,NA,DENVER,NA,80246,ARAPAHOE,8005,FALSE,NA,ADDRESS MATCHING-HOUSE NUMBER,ENTRANCE POINT OF A FACILITY OR STATION,50,NA,10190003,101900030304,8005,80246,1,80050049522003,24.254,6557.92,NA,TRUE,12,TRUE,CO0109001,Community water system,27,NA,Violation Identified,FALSE,TRUE
NA,CO,110013179577,ARAPAHOE CNTY WWWA,NA,DENVER,NA,80246,ARAPAHOE,8005,FALSE,NA,ADDRESS MATCHING-HOUSE NUMBER,ENTRANCE POINT OF A FACILITY OR STATION,50,NA,10190003,101900030304,8005,80246,1,80050049522003,24.254,6557.92,NA,TRUE,12,TRUE,CO0203002,Community water system,27,NA,Violation Identified,FALSE,TRUE
NA,MD,110051917155,CARTER'S WEBB,NA,NA,NA,20639,CALVERT,NA,FALSE,NA,Zip Code Centroid,NA,10000,NA,NA,NA,NA,NA,NA,NA,NA,NA,NA,TRUE,4,TRUE,MD1040080,Non-Transient non-community system,2,NA,No Violation Identified,FALSE,FALSE
NA,MD,110051772970,REECE ROAD BAPTIST CHURCH,NA,NA,NA,21401,ANNE ARUNDEL,NA,FALSE,NA,Zip Code Centroid,NA,10000,NA,NA,NA,NA,NA,NA,NA,NA,NA,NA,TRUE,5,TRUE,MD1021712,Transient non-community system,2,NA,No Violation Identified,FALSE,FALSE
NA,MA,110013156743,LEXINGTON WATER DEPT.    (MWRA),NA,LEXINGTON,NA,02420,MIDDLESEX,NA,FALSE,NA,Zip Code Centroid,NA,10000,NA,NA,NA,NA,NA,NA,NA,NA,NA,NA,TRUE,0,TRUE,MA3155000,Community water system,NA,NA,No Violation Identified,FALSE,FALSE
MD,PA,110052442638,HOPKINS CRAB HOUSE,NA,PHILADELPHIA,MD,19153,CECIL,NA,FALSE,NA,Zip Code Centroid,NA,10000,NA,NA,NA,NA,NA,NA,NA,NA,NA,NA,NA,0,TRUE,MD1071111,Transient non-community system,NA,NA,Inactive,FALSE,FALSE
MD,PA,110051887801,LONDONTOWNE SQUARE,NA,NA,MD,19335,ANNE ARUNDEL,NA,FALSE,NA,Zip Code Centroid,NA,10000,NA,NA,NA,NA,NA,NA,NA,NA,NA,NA,TRUE,0,TRUE,MD1021656,Transient non-community system,3,NA,No Violation Identified,FALSE,FALSE
NA,SD,110048690797,CEDAR GULCH 1,NA,NA,NA,57703,PENNINGTON,NA,FALSE,NA,Zip Code Centroid,NA,10000,NA,NA,NA,NA,NA,NA,NA,NA,NA,NA,TRUE,4,TRUE,SD4602301,Community water system,34,NA,No Violation Identified,FALSE,FALSE
MD,VA,110052525898,MATTAWOMAN RESTAURANT BBQ,NA,NA,MD,22640,CHARLES,NA,FALSE,NA,Zip Code Centroid,NA,10000,NA,NA,NA,NA,NA,NA,NA,NA,NA,NA,TRUE,1,TRUE,MD1081057,Transient non-community system,10,NA,No Violation Identified,FALSE,FALSE
NA,MD,110051911632,ZION UMC-WTP 1 WELL 1,NA,NA,NA,21157,CARROLL,NA,FALSE,NA,Zip Code Centroid,NA,10000,NA,NA,NA,NA,NA,NA,NA,NA,NA,NA,TRUE,0,TRUE,MD1061122,Transient non-community system,NA,NA,No Violation Identified,FALSE,FALSE
MD,PA,110013146620,CECIL WOODS MOBILE HOME PARK,NA,NA,MD,19064,CECIL,NA,FALSE,NA,Zip Code Centroid,NA,10000,NA,NA,NA,NA,NA,NA,NA,NA,NA,NA,TRUE,0,TRUE,MD0070244,Community water system,NA,NA,No Violation Identified,FALSE,FALSE
NA,CA,110012896820,LINGATE MUTUAL WATER COMPANY,NA,SANTA BARBARA,NA,93108,SANTA BARBARA,6083,FALSE,NA,ADDRESS MATCHING-HOUSE NUMBER,CENTER OF A FACILITY OR STATION,30,NA,18060013,180600130203,6083,93108,24,60830014024015,41.63,1313.16,NA,TRUE,0,TRUE,CA4200633,Community water system,NA,NA,No Violation Identified,FALSE,FALSE
MD,FL,110052472221,INNSBRUCK VILLAGE A-UPPER UNIT,NA,NA,MD,34667,GARRETT,NA,FALSE,NA,Zip Code Centroid,NA,10000,NA,NA,NA,NA,NA,NA,NA,NA,NA,NA,TRUE,0,TRUE,MD1111122,Transient non-community system,NA,NA,No Violation Identified,FALSE,FALSE
MD,TX,110052658432,7-ELEVEN- THURMONT#28960,NA,NA,MD,75221,FREDERICK,NA,FALSE,NA,Zip Code Centroid,NA,10000,NA,NA,NA,NA,NA,NA,NA,NA,NA,NA,TRUE,0,TRUE,MD1101090,Transient non-community system,2,NA,No Violation Identified,FALSE,FALSE
NA,PA,110010217096,TALMUDIC PROPERTIES PENN INC,NA,NEW BLOOMFIELD,NA,17068,PERRY,42099,FALSE,NA,ADDRESS MATCHING-BLOCK FACE,ENTRANCE POINT OF A FACILITY OR STATION,1000,NA,2050305,20503051001,42099,17068,10,420990305022002,3.898,132.27,NA,TRUE,1,TRUE,PA7500039,Community water system,2,NA,No Violation Identified,FALSE,FALSE
NA,MD,110052442442,GROVE POINT CAMP CAFETERIA-WTP 1 - WELLS 1 & 2,NA,NA,NA,21919,CECIL,NA,FALSE,NA,Zip Code Centroid,NA,10000,NA,NA,NA,NA,NA,NA,NA,NA,NA,NA,TRUE,1,TRUE,MD1071100,Transient non-community system,1,NA,No Violation Identified,FALSE,FALSE
MD,PA,110049351152,LANDHOPE FARM #5 (PORT),NA,NA,MD,19348,CECIL,NA,FALSE,NA,Zip Code Centroid,NA,10000,NA,NA,NA,NA,NA,NA,NA,NA,NA,NA,TRUE,0,TRUE,MD1071360,Transient non-community system,NA,NA,No Violation Identified,FALSE,FALSE
NA,MD,110052516121,A+M ENTERPRISES DBA SHORE COUNTRY STORE,NA,NA,NA,21655,CAROLINE,NA,FALSE,NA,Zip Code Centroid,NA,10000,NA,NA,NA,NA,NA,NA,NA,NA,NA,NA,TRUE,0,TRUE,MD1051058,Transient non-community system,NA,NA,No Violation Identified,FALSE,FALSE
MD,DE,110052569608,COMFORT INN SUITES,NA,NA,MD,19901,WORCESTER,NA,FALSE,NA,Zip Code Centroid,NA,10000,NA,NA,NA,NA,NA,NA,NA,NA,NA,NA,TRUE,0,TRUE,MD1231189,Transient non-community system,NA,NA,No Violation Identified,FALSE,FALSE
MD,FL,110052464329,CUSTOM PAK INC.,NA,NA,MD,34143,SOMERSET,NA,FALSE,NA,Zip Code Centroid,NA,10000,NA,NA,NA,NA,NA,NA,NA,NA,NA,NA,NA,0,TRUE,MD1191125,Non-Transient non-community system,NA,NA,Inactive,FALSE,FALSE
NA,CA,110013161666,CUYAMACA WATER DISTRICT-TREATMENT PLANT 03,NA,JULIAN,NA,92036,SAN DIEGO,NA,FALSE,NA,Zip Code Centroid,NA,10000,NA,NA,NA,NA,NA,NA,NA,NA,NA,NA,TRUE,0,TRUE,CA3700074,Community water system,NA,NA,No Violation Identified,FALSE,FALSE
NA,MA,110051953025,DCR WELLFLEET HOLLOW CAMPGROUND,NA,WELLFLEET,NA,02667,BARNSTABLE,NA,FALSE,NA,Zip Code Centroid,NA,10000,NA,NA,NA,NA,NA,NA,NA,NA,NA,NA,TRUE,0,TRUE,MA4318048,Transient non-community system,NA,NA,No Violation Identified,FALSE,FALSE
MD,DC,110051758175,YMCA CAMP LETTS WELL # 3(SEE 1021061),NA,NA,MD,20036,ANNE ARUNDEL,NA,FALSE,NA,Zip Code Centroid,NA,10000,NA,NA,NA,NA,NA,NA,NA,NA,NA,NA,NA,0,TRUE,MD1021542,Transient non-community system,NA,NA,Inactive,FALSE,FALSE
NA,PA,110010233032,ONTELAUNEE TOWNSHIP,NA,LEESPORT,NA,19533,BERKS,NA,FALSE,NA,Zip Code Centroid,NA,10000,NA,NA,NA,NA,NA,NA,NA,NA,NA,NA,TRUE,5,TRUE,PA3060098,Community water system,3,NA,No Violation Identified,FALSE,FALSE
MD,PA,110051911437,CONGOLEUM CORP. / CEDARHURST PLANT,NA,NA,MD,19061,CARROLL,NA,FALSE,NA,Zip Code Centroid,NA,10000,NA,NA,NA,NA,NA,NA,NA,NA,NA,NA,TRUE,1,TRUE,MD1060014,Non-Transient non-community system,1,NA,No Violation Identified,FALSE,FALSE
CO,NM,110049689048,OSIER STATION COMPANY-TREATMENT PLANT SPRING 1,NA,CHAMA,CO,87520,CONEJOS,NA,FALSE,NA,Zip Code Centroid,NA,10000,NA,NA,NA,NA,NA,NA,NA,NA,NA,NA,TRUE,4,TRUE,CO0211100,Transient non-community system,23,NA,Violation Identified,FALSE,FALSE
MD,PA,110052627886,MUSKET RIDGE GOLF CLUB,NA,NA,MD,15222,FREDERICK,NA,FALSE,NA,Zip Code Centroid,NA,10000,NA,NA,NA,NA,NA,NA,NA,NA,NA,NA,TRUE,0,TRUE,MD1101319,Transient non-community system,NA,NA,No Violation Identified,FALSE,FALSE
NA,CO,110013181476,RIVERWALK VILLAGE,NA,ENGLEWOOD,NA,80110,ARAPAHOE,8005,FALSE,NA,ADDRESS MATCHING-HOUSE NUMBER,CENTER OF A FACILITY OR STATION,30,NA,10190002,101900020904,8005,80110,1,80050060001036,36.716,4077.5,NA,TRUE,0,TRUE,CO0126185,Community water system,6,NA,No Violation Identified,FALSE,FALSE
NA,CO,110013181476,RIVERWALK VILLAGE,NA,ENGLEWOOD,NA,80110,ARAPAHOE,8005,FALSE,NA,ADDRESS MATCHING-HOUSE NUMBER,CENTER OF A FACILITY OR STATION,30,NA,10190002,101900020904,8005,80110,1,80050060001036,36.716,4077.5,NA,TRUE,0,TRUE,CO0126186,Community water system,6,NA,No Violation Identified,FALSE,FALSE
NA,MA,110012861331,HUTCHINSON WATER LLC,NA,CHESHIRE,NA,01225,BERKSHIRE,NA,FALSE,NA,Zip Code Centroid,NA,10000,NA,NA,NA,NA,NA,NA,NA,NA,NA,NA,TRUE,12,TRUE,MA1058001,Community water system,NA,1,Violation Identified,FALSE,FALSE
MD,PA,110052453778,WALTONS MOBILE HOME PARK,NA,PITTSBURGH,MD,15227,GARRETT,NA,FALSE,NA,Zip Code Centroid,NA,10000,NA,NA,NA,NA,NA,NA,NA,NA,NA,NA,NA,0,TRUE,MD1111107,Transient non-community system,NA,NA,Inactive,FALSE,FALSE
TX,NM,110013277881,VALLEY ACRES MHP WATER SYSTEM-PLANT - 797 BARLEY DR,797 BARLEY DR UNIT R,CANUTILLO,TX,79835,EL PASO,NA,FALSE,NA,Zip Code Centroid,NA,10000,NA,NA,NA,NA,NA,NA,NA,NA,NA,NA,TRUE,11,TRUE,TX0710139,Community water system,23,NA,Violation Identified,FALSE,FALSE
NA,PA,110010194805,POCONO MOBILE HOME ESTATES,NA,EAST STROUDSBURG,NA,18301,MONROE,NA,FALSE,NA,Zip Code Centroid,NA,10000,NA,NA,NA,NA,NA,NA,NA,NA,NA,NA,TRUE,0,TRUE,PA2450028,Community water system,7,NA,No Violation Identified,FALSE,FALSE
NA,PA,110010194805,POCONO MOBILE HOME ESTATES,NA,EAST STROUDSBURG,NA,18301,MONROE,NA,FALSE,NA,Zip Code Centroid,NA,10000,NA,NA,NA,NA,NA,NA,NA,NA,NA,NA,TRUE,0,TRUE,PA2450109,Community water system,7,NA,No Violation Identified,FALSE,FALSE
NA,SD,110052667306,CREEKSIDE COUNTRY RESORT-WELL #1,NA,HILL CITY,NA,57745,PENNINGTON,NA,FALSE,NA,Zip Code Centroid,NA,10000,NA,NA,NA,NA,NA,NA,NA,NA,NA,NA,TRUE,0,TRUE,SD4602102,Transient non-community system,NA,NA,No Violation Identified,FALSE,FALSE
MD,IL,110052504777,HOLLY HILLS COUNTRY CLUB,NA,NA,MD,60062,FREDERICK,NA,FALSE,NA,Zip Code Centroid,NA,10000,NA,NA,NA,NA,NA,NA,NA,NA,NA,NA,TRUE,0,TRUE,MD1101097,Transient non-community system,NA,NA,No Violation Identified,FALSE,FALSE
MD,DE,110051928599,CAMP PECOMETH GRACE,NA,NA,MD,19901,QUEEN ANNE'S,NA,FALSE,NA,Zip Code Centroid,NA,10000,NA,NA,NA,NA,NA,NA,NA,NA,NA,NA,TRUE,0,TRUE,MD1171213,Transient non-community system,NA,NA,No Violation Identified,FALSE,FALSE
MD,PA,110049351223,CHESAPEAKE WINE AND SPIRITS,NA,NA,MD,19460,CECIL,NA,FALSE,NA,Zip Code Centroid,NA,10000,NA,NA,NA,NA,NA,NA,NA,NA,NA,NA,NA,0,TRUE,MD1071363,Transient non-community system,NA,NA,Inactive,FALSE,FALSE
MD,DE,110013148110,ELKTON WEST,NA,NA,MD,19702,CECIL,NA,FALSE,NA,Zip Code Centroid,NA,10000,NA,NA,NA,NA,NA,NA,NA,NA,NA,NA,TRUE,1,TRUE,MD0070015,Community water system,6,NA,No Violation Identified,FALSE,FALSE
MD,DE,110013148307,HARBOR VIEW,NA,NA,MD,19702,CECIL,NA,FALSE,NA,Zip Code Centroid,NA,10000,NA,NA,NA,NA,NA,NA,NA,NA,NA,NA,TRUE,0,TRUE,MD0070025,Community water system,NA,NA,No Violation Identified,FALSE,FALSE
NA,MA,110051946579,PRIMO WATER VEND @ DRACUT,NA,DRACUT,NA,01826,MIDDLESEX,NA,FALSE,NA,Zip Code Centroid,NA,10000,NA,NA,NA,NA,NA,NA,NA,NA,NA,NA,TRUE,0,TRUE,MA3079006,Transient non-community system,NA,NA,No Violation Identified,FALSE,FALSE
MD,DE,110051928330,CAMP PECOMETH RETREAT CENTER,NA,NA,MD,19901,QUEEN ANNE'S,NA,FALSE,NA,Zip Code Centroid,NA,10000,NA,NA,NA,NA,NA,NA,NA,NA,NA,NA,TRUE,0,TRUE,MD1171187,Transient non-community system,NA,NA,No Violation Identified,FALSE,FALSE
MD,PA,110051916487,LILY PONS WATER GARDEN,NA,NA,MD,17214,FREDERICK,NA,FALSE,NA,Zip Code Centroid,NA,10000,NA,NA,NA,NA,NA,NA,NA,NA,NA,NA,NA,0,TRUE,MD1101123,Transient non-community system,NA,NA,Inactive,FALSE,FALSE
NA,AR,110013020603,BENTON COUNTY WATER AUTHORITY1,NA,ROGERS,NA,72756,BENTON COUNTY,5007,FALSE,NA,ADDRESS MATCHING-HOUSE NUMBER,ENTRANCE POINT OF A FACILITY OR STATION,50,NA,11010001,110100010705,5007,72756,3,50070214042013,19.622,185.59,NA,TRUE,0,TRUE,AR0000484,Community water system,NA,NA,No Violation Identified,FALSE,FALSE
NA,AR,110013020603,BENTON COUNTY WATER AUTHORITY1,NA,ROGERS,NA,72756,BENTON COUNTY,5007,FALSE,NA,ADDRESS MATCHING-HOUSE NUMBER,ENTRANCE POINT OF A FACILITY OR STATION,50,NA,11010001,110100010705,5007,72756,3,50070214042013,19.622,185.59,NA,TRUE,0,TRUE,AR0000874,Community water system,NA,NA,No Violation Identified,FALSE,FALSE
MD,PA,110051932110,WAWA FOOD MARKET # 585,NA,MEDIA,MD,19063,CECIL,NA,FALSE,NA,Zip Code Centroid,NA,10000,NA,NA,NA,NA,NA,NA,NA,NA,NA,NA,NA,0,TRUE,MD1071384,Transient non-community system,NA,NA,Inactive,FALSE,FALSE
NA,MA,110051952865,ENDLESS COAST HOTEL,NA,WELLFLEET,NA,02667,BARNSTABLE,NA,FALSE,NA,Zip Code Centroid,NA,10000,NA,NA,NA,NA,NA,NA,NA,NA,NA,NA,TRUE,9,TRUE,MA4318031,Transient non-community system,NA,4,Violation Identified,FALSE,FALSE
MD,DC,110051865415,YMCA CAMP LETTS,NA,NA,MD,20036,ANNE ARUNDEL,NA,FALSE,NA,Zip Code Centroid,NA,10000,NA,NA,NA,NA,NA,NA,NA,NA,NA,NA,TRUE,0,TRUE,MD1021061,Transient non-community system,NA,NA,No Violation Identified,FALSE,FALSE
NA,VI,110049957329,BEACH HOTEL,NA,CHRISTIANSTED ST CROIX,NA,00820,NA,NA,FALSE,NA,Zip Code Centroid,NA,10000,NA,NA,NA,NA,NA,NA,NA,NA,NA,NA,NA,0,TRUE,VI0000810,Transient non-community system,NA,NA,Inactive,FALSE,FALSE
NA,VI,110049957329,BEACH HOTEL,NA,CHRISTIANSTED ST CROIX,NA,00820,NA,NA,FALSE,NA,Zip Code Centroid,NA,10000,NA,NA,NA,NA,NA,NA,NA,NA,NA,NA,NA,0,TRUE,VI1000603,Transient non-community system,NA,NA,Inactive,FALSE,FALSE
NA,AR,110013017671,FORDYCE WATER CO,NA,FORDYCE,NA,71742,DALLAS,NA,FALSE,NA,Zip Code Centroid,NA,10000,NA,NA,NA,NA,NA,NA,NA,NA,NA,NA,TRUE,8,TRUE,AR0000164,Community water system,NA,NA,No Violation Identified,FALSE,FALSE
NA,AR,110013017671,FORDYCE WATER CO,NA,FORDYCE,NA,71742,DALLAS,NA,FALSE,NA,Zip Code Centroid,NA,10000,NA,NA,NA,NA,NA,NA,NA,NA,NA,NA,TRUE,8,TRUE,AR0000635,Community water system,NA,NA,No Violation Identified,FALSE,FALSE
MD,PA,110051914130,DUPONT FISH AND GAME,NA,NA,MD,19363,KENT,NA,FALSE,NA,Zip Code Centroid,NA,10000,NA,NA,NA,NA,NA,NA,NA,NA,NA,NA,TRUE,0,TRUE,MD1141081,Transient non-community system,NA,NA,No Violation Identified,FALSE,FALSE
MD,DE,110052687892,BAY CLUB CLUBHOUSE,NA,NA,MD,19970,WORCESTER,NA,FALSE,NA,Zip Code Centroid,NA,10000,NA,NA,NA,NA,NA,NA,NA,NA,NA,NA,NA,0,TRUE,MD1231139,Transient non-community system,NA,NA,Inactive,FALSE,FALSE
MD,DE,110052660991,HENSON BOY SCOUT RESERVATION,NA,NA,MD,19801,DORCHESTER,NA,FALSE,NA,Zip Code Centroid,NA,10000,NA,NA,NA,NA,NA,NA,NA,NA,NA,NA,TRUE,0,TRUE,MD1091017,Transient non-community system,NA,NA,No Violation Identified,FALSE,FALSE
NA,MD,110052588142,MARTIN MARIETTA - CHURCHVILLE QUARRY,NA,NA,NA,21093,HARFORD,NA,FALSE,NA,Zip Code Centroid,NA,10000,NA,NA,NA,NA,NA,NA,NA,NA,NA,NA,TRUE,0,TRUE,MD1120039,Non-Transient non-community system,NA,NA,No Violation Identified,FALSE,FALSE
MD,TX,110051793591,EXXON ON THE RUN,NA,NA,MD,77210,ANNE ARUNDEL,NA,FALSE,NA,Zip Code Centroid,NA,10000,NA,NA,NA,NA,NA,NA,NA,NA,NA,NA,NA,0,TRUE,MD1021515,Transient non-community system,NA,NA,Inactive,FALSE,FALSE
NA,LA,110012879046,POINTE COUPEE WWKS DISTRICT 2 - HWY 10,NA,NEW ROADS,NA,70760,POINTE COUPEE,NA,FALSE,NA,Zip Code Centroid,NA,10000,NA,NA,NA,NA,NA,NA,NA,NA,NA,NA,TRUE,9,TRUE,LA1077043,Community water system,17,NA,Violation Identified,FALSE,FALSE
NA,LA,110012879046,POINTE COUPEE WWKS DISTRICT 2 - HWY 10,NA,NEW ROADS,NA,70760,POINTE COUPEE,NA,FALSE,NA,Zip Code Centroid,NA,10000,NA,NA,NA,NA,NA,NA,NA,NA,NA,NA,TRUE,9,TRUE,LA1077045,Community water system,17,NA,Violation Identified,FALSE,FALSE
NA,LA,110012879046,POINTE COUPEE WWKS DISTRICT 2 - HWY 10,NA,NEW ROADS,NA,70760,POINTE COUPEE,NA,FALSE,NA,Zip Code Centroid,NA,10000,NA,NA,NA,NA,NA,NA,NA,NA,NA,NA,TRUE,9,TRUE,LA1077047,Community water system,17,NA,Violation Identified,FALSE,FALSE
MD,DE,110051936562,YMCA CAMP TOCKWOGH,NA,NA,MD,19801,KENT,NA,FALSE,NA,Zip Code Centroid,NA,10000,NA,NA,NA,NA,NA,NA,NA,NA,NA,NA,TRUE,0,TRUE,MD1141057,Transient non-community system,NA,NA,No Violation Identified,FALSE,FALSE
MD,WV,110052632013,"FUEL CITY TRUCK STOP,  BURGER KING",NA,NA,MD,26505,GARRETT,NA,FALSE,NA,Zip Code Centroid,NA,10000,NA,NA,NA,NA,NA,NA,NA,NA,NA,NA,NA,0,TRUE,MD1111091,Transient non-community system,NA,NA,Inactive,FALSE,FALSE
MD,PA,110052661400,RISE UP COFFEE CAMBRIDGE,NA,NA,MD,19073,DORCHESTER,NA,FALSE,NA,Zip Code Centroid,NA,10000,NA,NA,NA,NA,NA,NA,NA,NA,NA,NA,TRUE,0,TRUE,MD1091029,Transient non-community system,NA,NA,No Violation Identified,FALSE,FALSE
MD,OH,110052671195,MCDONALDS,NA,NA,MD,43218,QUEEN ANNE'S,NA,FALSE,NA,Zip Code Centroid,NA,10000,NA,NA,NA,NA,NA,NA,NA,NA,NA,NA,NA,0,TRUE,MD1171083,Transient non-community system,NA,NA,Inactive,FALSE,FALSE
NA,AK,110064793834,UIC / NARL - BOTTLED WATER,NA,BARROW,NA,99723,NORTH SLOPE BOROUGH,NA,TRUE,NA,Zip Code Centroid,NA,10000,NA,NA,NA,NA,NA,NA,NA,NA,NA,NA,NA,0,TRUE,AK2320052,Community water system,NA,NA,Inactive,FALSE,FALSE
NA,AK,110064793834,UIC / NARL - BOTTLED WATER,NA,BARROW,NA,99723,NORTH SLOPE BOROUGH,NA,TRUE,NA,Zip Code Centroid,NA,10000,NA,NA,NA,NA,NA,NA,NA,NA,NA,NA,NA,0,TRUE,AK2320816,Community water system,NA,NA,Inactive,FALSE,FALSE
MD,TN,110051772907,FIRESTONE,NA,"NASHVILLE",MD,37214,ANNE ARUNDEL,NA,FALSE,NA,Zip Code Centroid,NA,10000,NA,NA,NA,NA,NA,NA,NA,NA,NA,NA,NA,0,TRUE,MD1021709,Transient non-community system,NA,NA,Inactive,FALSE,FALSE
NA,MA,110051925814,THE LOBSTER AND CHOWDER HOUSE,NA,WELLFLEET,NA,02667,BARNSTABLE,NA,FALSE,NA,Zip Code Centroid,NA,10000,NA,NA,NA,NA,NA,NA,NA,NA,NA,NA,TRUE,3,TRUE,MA4318070,Transient non-community system,NA,1,No Violation Identified,FALSE,FALSE
NA,MA,110051933752,CAMP WA WA SEGOWEA,NA,GREAT BARRINGTON,NA,01230,BERKSHIRE,NA,FALSE,NA,Zip Code Centroid,NA,10000,NA,NA,NA,NA,NA,NA,NA,NA,NA,NA,NA,0,TRUE,MA1203009,Transient non-community system,NA,NA,Inactive,FALSE,FALSE
MD,DE,110052569760,SELBYVILLE ELKS LODGE 2173,NA,NA,MD,19975,WORCESTER,NA,FALSE,NA,Zip Code Centroid,NA,10000,NA,NA,NA,NA,NA,NA,NA,NA,NA,NA,TRUE,0,TRUE,MD1231197,Transient non-community system,NA,NA,No Violation Identified,FALSE,FALSE
NA,MA,110051922318,CHRISTIAN LIFE CHURCH,NA,REHOBOTH,NA,02769,BRISTOL,NA,FALSE,NA,Zip Code Centroid,NA,10000,NA,NA,NA,NA,NA,NA,NA,NA,NA,NA,TRUE,2,TRUE,MA4247025,Transient non-community system,NA,1,No Violation Identified,FALSE,FALSE
NA,MN,110008867574,POKEGAMA LAKE RESORT AND MHP,NA,PINE CITY,NA,55063,PINE,NA,FALSE,NA,Zip Code Centroid,NA,10000,NA,NA,NA,NA,NA,NA,NA,NA,NA,NA,TRUE,0,TRUE,MN1580019,Community water system,3,NA,No Violation Identified,FALSE,FALSE
NA,SD,110052708183,OLD WHITES DRIVE INN,NA,WOONSOCKET,NA,57385,SANBORN,NA,FALSE,NA,Zip Code Centroid,NA,10000,NA,NA,NA,NA,NA,NA,NA,NA,NA,NA,TRUE,12,TRUE,SD4601096,Transient non-community system,17,NA,Violation Identified,FALSE,FALSE
MD,DE,110048388712,MOUNTAIN HILL WATER COMPANY,NA,NA,MD,19702,CECIL,NA,FALSE,NA,Zip Code Centroid,NA,10000,NA,NA,NA,NA,NA,NA,NA,NA,NA,NA,TRUE,0,TRUE,MD0070034,Community water system,NA,NA,No Violation Identified,FALSE,FALSE
MD,VA,110052535734,URBANA CONVENIENCE SHOP (EXXON),NA,NA,MD,23831,FREDERICK,NA,FALSE,NA,Zip Code Centroid,NA,10000,NA,NA,NA,NA,NA,NA,NA,NA,NA,NA,TRUE,0,TRUE,MD1101310,Transient non-community system,NA,NA,No Violation Identified,FALSE,FALSE
MD,FL,110052604801,PENN MAR PLAZA AND BUON GUSTO,NA,NA,MD,34216,HARFORD,NA,FALSE,NA,Zip Code Centroid,NA,10000,NA,NA,NA,NA,NA,NA,NA,NA,NA,NA,TRUE,0,TRUE,MD1121112,Transient non-community system,NA,NA,No Violation Identified,FALSE,FALSE
MD,PA,110051829535,WAWA #532,NA,NA,MD,19063,ANNE ARUNDEL,NA,FALSE,NA,Zip Code Centroid,NA,10000,NA,NA,NA,NA,NA,NA,NA,NA,NA,NA,NA,0,TRUE,MD1021336,Transient non-community system,NA,NA,Inactive,FALSE,FALSE
MD,FL,110052464301,KUZZENS LABOR CAMP - SECTION D,NA,NA,MD,34143,SOMERSET,NA,FALSE,NA,Zip Code Centroid,NA,10000,NA,NA,NA,NA,NA,NA,NA,NA,NA,NA,TRUE,0,TRUE,MD1191124,Transient non-community system,NA,NA,No Violation Identified,FALSE,FALSE
MD,TX,110052623283,FINKSBURG EXXON,NA,NA,MD,77001,CARROLL,NA,FALSE,NA,Zip Code Centroid,NA,10000,NA,NA,NA,NA,NA,NA,NA,NA,NA,NA,TRUE,0,TRUE,MD1061193,Transient non-community system,NA,NA,No Violation Identified,FALSE,FALSE
MD,DC,110051758255,YMCA CAMP LETTS WELL # 7 (SEE 1021061),NA,NA,MD,20036,ANNE ARUNDEL,NA,FALSE,NA,Zip Code Centroid,NA,10000,NA,NA,NA,NA,NA,NA,NA,NA,NA,NA,NA,0,TRUE,MD1021546,Transient non-community system,NA,NA,Inactive,FALSE,FALSE
MD,DE,110052578386,CHESAPEAKE FARMS,NA,NA,MD,19899,KENT,NA,FALSE,NA,Zip Code Centroid,NA,10000,NA,NA,NA,NA,NA,NA,NA,NA,NA,NA,NA,0,TRUE,MD1141093,Transient non-community system,NA,NA,Inactive,FALSE,FALSE
MD,PA,110052631924,ARROWHEAD CONDOS,NA,GRAPEVILLE,MD,15634,GARRETT,NA,FALSE,NA,Zip Code Centroid,NA,10000,NA,NA,NA,NA,NA,NA,NA,NA,NA,NA,NA,0,TRUE,MD1111089,Transient non-community system,NA,NA,Inactive,FALSE,FALSE
NJ,PA,110051211210,BUD JACK WELL,1 RIVER ROAD,BUSHKILL,NJ,18324,SUSSEX,NA,FALSE,TRUE,Zip Code Centroid,NA,10000,NA,NA,NA,NA,NA,NA,NA,NA,NA,NA,NA,0,TRUE,NJ1923308,Transient non-community system,NA,NA,Inactive,FALSE,FALSE
MD,FL,110052684573,SKIPJACK COVE MARINA INC,NA,NA,MD,33134,CECIL,NA,FALSE,NA,Zip Code Centroid,NA,10000,NA,NA,NA,NA,NA,NA,NA,NA,NA,NA,TRUE,0,TRUE,MD1071239,Transient non-community system,2,NA,No Violation Identified,FALSE,FALSE
TN,NY,110070761419,DOLLAR GENERAL DUNCANNON-TREATMENT ROOM,MISSING ADDRESS LINE 1,GOODLETSVILLE,TN,12345,SUMNER COUNTY,NA,FALSE,NA,Zip Code Centroid,NA,10000,NA,NA,NA,NA,NA,NA,NA,NA,NA,NA,TRUE,0,TRUE,PA7500875,Transient non-community system,NA,NA,No Violation Identified,FALSE,FALSE
NA,AZ,110013111612,COTTONWOOD MUNICIPAL WATER VV3,NA,COTTONWOOD,NA,86326,YAVAPAI,NA,FALSE,NA,Zip Code Centroid,NA,10000,NA,NA,NA,NA,NA,NA,NA,NA,NA,NA,TRUE,10,TRUE,AZ0413104,Community water system,39,NA,No Violation Identified,FALSE,FALSE
NA,AZ,110013111612,COTTONWOOD MUNICIPAL WATER VV3,NA,COTTONWOOD,NA,86326,YAVAPAI,NA,FALSE,NA,Zip Code Centroid,NA,10000,NA,NA,NA,NA,NA,NA,NA,NA,NA,NA,TRUE,10,TRUE,AZ0413105,Community water system,39,NA,No Violation Identified,FALSE,FALSE
NA,AZ,110013111612,COTTONWOOD MUNICIPAL WATER VV3,NA,COTTONWOOD,NA,86326,YAVAPAI,NA,FALSE,NA,Zip Code Centroid,NA,10000,NA,NA,NA,NA,NA,NA,NA,NA,NA,NA,TRUE,10,TRUE,AZ0413106,Community water system,39,NA,No Violation Identified,FALSE,FALSE
NA,MD,110052503206,DELMARVA EARLY LEARNING CENTER,NA,NA,NA,21804,WICOMICO,NA,FALSE,NA,Zip Code Centroid,NA,10000,NA,NA,NA,NA,NA,NA,NA,NA,NA,NA,TRUE,0,TRUE,MD1220048,Non-Transient non-community system,NA,NA,No Violation Identified,FALSE,FALSE
MD,DE,110052687650,PLAZA TAPATIA,NA,GEORGETOWN,MD,19947,WORCESTER,NA,FALSE,NA,Zip Code Centroid,NA,10000,NA,NA,NA,NA,NA,NA,NA,NA,NA,NA,NA,0,TRUE,MD1231126,Transient non-community system,NA,NA,Inactive,FALSE,FALSE
OH,WA,110050633935,CHEWELAH LDS CHAPEL-WELL #1 AGG495,PO BOX 157,FOUR LAKES,OH,99014,STEVENS,NA,FALSE,NA,Zip Code Centroid,NA,10000,NA,NA,NA,NA,NA,NA,NA,NA,NA,NA,TRUE,3,TRUE,WA5323381,Transient non-community system,NA,NA,No Violation Identified,FALSE,FALSE
NA,AR,110012995214,NORTHEAST DEWITT WATER ASSOC,NA,DE WITT,NA,72042,ARKANSAS,NA,FALSE,NA,Zip Code Centroid,NA,10000,NA,NA,NA,NA,NA,NA,NA,NA,NA,NA,TRUE,1,TRUE,AR0000007,Community water system,1,NA,No Violation Identified,FALSE,FALSE
NA,AR,110012995214,NORTHEAST DEWITT WATER ASSOC,NA,DE WITT,NA,72042,ARKANSAS,NA,FALSE,NA,Zip Code Centroid,NA,10000,NA,NA,NA,NA,NA,NA,NA,NA,NA,NA,TRUE,1,TRUE,AR0000008,Community water system,1,NA,No Violation Identified,FALSE,FALSE
MD,DE,110052494001,CAMP TODD WHISPERING PINES,NA,NA,MD,19713,CAROLINE,NA,FALSE,NA,Zip Code Centroid,NA,10000,NA,NA,NA,NA,NA,NA,NA,NA,NA,NA,TRUE,0,TRUE,MD1051064,Transient non-community system,NA,NA,No Violation Identified,FALSE,FALSE
MD,DE,110013147889,CARPENTERS POINT WATER CO.,NA,NA,MD,19702,CECIL,NA,FALSE,NA,Zip Code Centroid,NA,10000,NA,NA,NA,NA,NA,NA,NA,NA,NA,NA,TRUE,0,TRUE,MD0070003,Community water system,NA,NA,No Violation Identified,FALSE,FALSE
OR,ID,110067671460,HELLS CANYON DAM AND POWER PLANT,HELLS CANYON RD,IMNAHA,OR,97842,WALLOWA,41063,FALSE,NA,INTERPOLATION-PHOTO,FACILITY CENTROID,99999999,NA,17050201,170601010102,41063,97842,2,410639601001271,0,0.18,NA,TRUE,0,TRUE,ID3020008,Transient non-community system,NA,NA,No Violation Identified,FALSE,FALSE
NA,VI,110035439674,EVELYN E. MARCELLI SCHOOL ANNEX,NA,ST THOMAS,NA,00802,ST THOMAS,78030,FALSE,NA,ADDRESS MATCHING-HOUSE NUMBER,ENTRANCE POINT OF A FACILITY OR STATION,30,NA,21020001,210200010104,78030,802,0,NA,0,0,NA,NA,0,TRUE,VI0000193,Non-Transient non-community system,NA,NA,Inactive,FALSE,FALSE
NA,VI,110035439674,EVELYN E. MARCELLI SCHOOL ANNEX,NA,ST THOMAS,NA,00802,ST THOMAS,78030,FALSE,NA,ADDRESS MATCHING-HOUSE NUMBER,ENTRANCE POINT OF A FACILITY OR STATION,30,NA,21020001,210200010104,78030,802,0,NA,0,0,NA,NA,0,TRUE,VI0000522,Non-Transient non-community system,NA,NA,Inactive,FALSE,FALSE
NA,NY,110051241955,EASTON'S FOOD AND DRINK-TREATMENT PLANT,NA,LIMA,NA,14485,LIVINGSTON,NA,FALSE,NA,Zip Code Centroid,NA,10000,NA,NA,NA,NA,NA,NA,NA,NA,NA,NA,TRUE,1,TRUE,NY2505848,Transient non-community system,6,NA,No Violation Identified,FALSE,FALSE
MD,FL,110052464203,KUZZENS LABOR CAMP - SECTION B,NA,NA,MD,34143,SOMERSET,NA,FALSE,NA,Zip Code Centroid,NA,10000,NA,NA,NA,NA,NA,NA,NA,NA,NA,NA,TRUE,0,TRUE,MD1191122,Transient non-community system,NA,NA,No Violation Identified,FALSE,FALSE
MD,VA,110052559879,KUZZENS LABOR CAMP - SECTION A,NA,NA,MD,23350,SOMERSET,NA,FALSE,NA,Zip Code Centroid,NA,10000,NA,NA,NA,NA,NA,NA,NA,NA,NA,NA,TRUE,0,TRUE,MD1191115,Transient non-community system,NA,NA,No Violation Identified,FALSE,FALSE
NA,PA,110010197214,AQUA PA SHICKSHINNY LAKE,NA,SHICKSHINNY,NA,18655,LUZERNE,42079,FALSE,NA,ADDRESS MATCHING-HOUSE NUMBER,ENTRANCE POINT OF A FACILITY OR STATION,30,NA,2050107,20501070504,42079,18655,11,420792157021023,2.121,94.67,NA,TRUE,1,TRUE,PA2400029,Community water system,2,NA,No Violation Identified,FALSE,FALSE
NA,PA,110010197214,AQUA PA SHICKSHINNY LAKE,NA,SHICKSHINNY,NA,18655,LUZERNE,42079,FALSE,NA,ADDRESS MATCHING-HOUSE NUMBER,ENTRANCE POINT OF A FACILITY OR STATION,30,NA,2050107,20501070504,42079,18655,11,420792157021023,2.121,94.67,NA,TRUE,1,TRUE,PA2400045,Community water system,2,NA,No Violation Identified,FALSE,FALSE
NA,LA,110012895796,EAST FELICIANA RURAL-REEVES-MORGAN,NA,ETHEL,NA,70730,EAST FELICIANA,22037,FALSE,NA,ADDRESS MATCHING-HOUSE NUMBER,ENTRANCE POINT OF A FACILITY OR STATION,50,NA,8070202,80702020604,22037,70730,6,220379515023018,56.777,43.46,NA,TRUE,0,TRUE,LA1037004,Community water system,1,NA,No Violation Identified,FALSE,TRUE
NA,LA,110012895796,EAST FELICIANA RURAL-REEVES-MORGAN,NA,ETHEL,NA,70730,EAST FELICIANA,22037,FALSE,NA,ADDRESS MATCHING-HOUSE NUMBER,ENTRANCE POINT OF A FACILITY OR STATION,50,NA,8070202,80702020604,22037,70730,6,220379515023018,56.777,43.46,NA,TRUE,0,TRUE,LA1037011,Community water system,1,NA,No Violation Identified,FALSE,TRUE
NA,PA,110052695696,WALGREENS #19144,NA,NA,NA,17105,HARFORD,NA,FALSE,NA,Zip Code Centroid,NA,10000,NA,NA,NA,NA,NA,NA,NA,NA,NA,NA,TRUE,5,TRUE,MD1121266,Transient non-community system,4,NA,No Violation Identified,FALSE,FALSE
NA,LA,110012877556,RAPIDES PARISH WATERWORKS DISTRICT 3,NA,PINEVILLE,NA,71360,RAPIDES,NA,FALSE,NA,Zip Code Centroid,NA,10000,NA,NA,NA,NA,NA,NA,NA,NA,NA,NA,TRUE,1,TRUE,LA1079017,Community water system,1,NA,No Violation Identified,FALSE,FALSE
NA,LA,110012877556,RAPIDES PARISH WATERWORKS DISTRICT 3,NA,PINEVILLE,NA,71360,RAPIDES,NA,FALSE,NA,Zip Code Centroid,NA,10000,NA,NA,NA,NA,NA,NA,NA,NA,NA,NA,TRUE,1,TRUE,LA1079020,Community water system,1,NA,No Violation Identified,FALSE,FALSE
MI,IN,110049177555,FRANKS RESORT,4601 HIGHWAY 62 EAST,MOUNT VERNON,MI,47620,EATON,18129,FALSE,NA,ADDRESS MATCHING-HOUSE NUMBER,ENTRANCE POINT OF A FACILITY OR STATION,50,NA,5140202,51402020604,18129,47620,8,181290405001040,7.245,239.33,NA,NA,0,TRUE,MI2013323,Transient non-community system,NA,NA,Inactive,FALSE,FALSE
MD,DE,110051925048,LA PIAZZA PIZZA,NA,NA,MD,19934,QUEEN ANNE'S,NA,FALSE,NA,Zip Code Centroid,NA,10000,NA,NA,NA,NA,NA,NA,NA,NA,NA,NA,TRUE,0,TRUE,MD1171177,Transient non-community system,NA,NA,No Violation Identified,FALSE,FALSE
IL,WI,110013083607,337-9 HOLY HILL APARTMENTS LLC-BO521,1740 LAKE VIEW TERRACE,LIBERTYVILLE,IL,60048,KENOSHA,55059,FALSE,NA,NA,NA,999999999,NA,7120006,71200060802,55059,53181,1,550590030021006,5.763,404.23,NA,TRUE,3,TRUE,WI2300159,Community water system,28,NA,No Violation Identified,FALSE,FALSE
NA,LA,110012881444,TORBERT- FRISCO WATER WORKS,NA,NEW ROADS,NA,70760,POINTE COUPEE,22077,FALSE,NA,ADDRESS MATCHING-HOUSE NUMBER,ENTRANCE POINT OF A FACILITY OR STATION,50,NA,8070300,80703000102,22077,70760,6,220779523001009,59.419,311.51,NA,TRUE,0,TRUE,LA1077037,Community water system,12,NA,No Violation Identified,FALSE,FALSE
NA,LA,110012881444,TORBERT- FRISCO WATER WORKS,NA,NEW ROADS,NA,70760,POINTE COUPEE,22077,FALSE,NA,ADDRESS MATCHING-HOUSE NUMBER,ENTRANCE POINT OF A FACILITY OR STATION,50,NA,8070300,80703000102,22077,70760,6,220779523001009,59.419,311.51,NA,TRUE,0,TRUE,LA1077041,Community water system,12,NA,No Violation Identified,FALSE,FALSE
MD,DC,110051758193,YMCA CAMP LETTS WELL # 4 (SEE1021061),NA,NA,MD,20036,ANNE ARUNDEL,NA,FALSE,NA,Zip Code Centroid,NA,10000,NA,NA,NA,NA,NA,NA,NA,NA,NA,NA,NA,0,TRUE,MD1021543,Transient non-community system,2,NA,Inactive,FALSE,FALSE
NA,MA,110051850626,THE TRURO CENTER CONDOMINIUM,NA,TRURO,NA,02666,BARNSTABLE,NA,FALSE,NA,Zip Code Centroid,NA,10000,NA,NA,NA,NA,NA,NA,NA,NA,NA,NA,TRUE,0,TRUE,MA4300044,Transient non-community system,NA,NA,No Violation Identified,FALSE,FALSE
MD,SD,110051949219,CAPITOL KOA CAMPGROUND,NA,NA,MD,57104,ANNE ARUNDEL,NA,FALSE,NA,Zip Code Centroid,NA,10000,NA,NA,NA,NA,NA,NA,NA,NA,NA,NA,TRUE,2,TRUE,MD1021588,Transient non-community system,5,NA,No Violation Identified,FALSE,FALSE
MD,VA,110051936820,"DOCS CRABHOUSE, BIG B LIQUORS, DOMINOS",NA,NA,MD,22191,CHARLES,NA,FALSE,NA,Zip Code Centroid,NA,10000,NA,NA,NA,NA,NA,NA,NA,NA,NA,NA,TRUE,4,TRUE,MD1081179,Transient non-community system,4,NA,No Violation Identified,FALSE,FALSE
TN,MS,110052783074,HOLIDAY LODGE MOBILE HOME PK-TREATMENT FACILITY TF101,5 PRIVATE RD 5019,COMO,TN,38619,LAFAYETTE,NA,FALSE,NA,Zip Code Centroid,NA,10000,NA,NA,NA,NA,NA,NA,NA,NA,NA,NA,TRUE,2,TRUE,MS0360050,Transient non-community system,6,NA,No Violation Identified,FALSE,FALSE
NA,SC,110017170728,EASLEY CENTRAL W/D #2 (SC3920007),NA,NORRIS,NA,29667,PICKENS,NA,FALSE,NA,Zip Code Centroid,NA,10000,NA,NA,NA,NA,NA,NA,NA,NA,NA,NA,TRUE,0,TRUE,SC3920007,Community water system,NA,NA,No Violation Identified,FALSE,FALSE
AZ,CA,110013095685,GARDEN CITY LODGE MOTEL,NA,WATSONVILLE,AZ,95076,MARICOPA,NA,FALSE,NA,Zip Code Centroid,NA,10000,NA,NA,NA,NA,NA,NA,NA,NA,NA,NA,NA,0,TRUE,AZ0407339,Transient non-community system,NA,NA,Inactive,FALSE,FALSE
NA,CO,110011372068,AULT TOWN OF,NA,WELD COUNTY,NA,80610,WELD,8123,FALSE,NA,GPS - UNSPECIFIED,NA,83,NA,10190007,101900071007,8123,80610,4,81230023003058,NA,NA,NA,TRUE,5,TRUE,CO0055368,Community water system,4,NA,No Violation Identified,FALSE,FALSE
NA,CO,110011372068,AULT TOWN OF,NA,WELD COUNTY,NA,80610,WELD,8123,FALSE,NA,GPS - UNSPECIFIED,NA,83,NA,10190007,101900071007,8123,80610,4,81230023003058,NA,NA,NA,TRUE,5,TRUE,CO0162125,Community water system,4,NA,No Violation Identified,FALSE,FALSE
MD,VA,110012989276,MARSHALL HALL MOBILE HOME PARK,NA,WOODBRIDGE,MD,22192,CHARLES,NA,FALSE,NA,Zip Code Centroid,NA,10000,NA,NA,NA,NA,NA,NA,NA,NA,NA,NA,NA,0,TRUE,MD0080206,Community water system,NA,NA,Inactive,FALSE,FALSE
MD,DE,110051959751,CAMP PECOMETH DINING HALL,NA,NA,MD,19901,QUEEN ANNE'S,NA,FALSE,NA,Zip Code Centroid,NA,10000,NA,NA,NA,NA,NA,NA,NA,NA,NA,NA,TRUE,0,TRUE,MD1171023,Transient non-community system,NA,NA,No Violation Identified,FALSE,FALSE
NA,MA,110051960160,LILAC HEDGE FARM,NA,RUTLAND,NA,01543,WORCESTER,NA,FALSE,NA,Zip Code Centroid,NA,10000,NA,NA,NA,NA,NA,NA,NA,NA,NA,NA,TRUE,5,TRUE,MA2257010,Non-Transient non-community system,NA,NA,Violation Identified,FALSE,FALSE
NA,MA,110012992663,REVERE WATER DIVISION (MWRA),NA,REVERE,NA,02151,SUFFOLK,NA,FALSE,NA,Zip Code Centroid,NA,10000,NA,NA,NA,NA,NA,NA,NA,NA,NA,NA,TRUE,12,TRUE,MA3248000,Community water system,NA,1,Violation Identified,FALSE,FALSE
NA,MD,110051917315,TIDEWATER DENTAL,NA,NA,NA,20657,CALVERT,NA,FALSE,NA,Zip Code Centroid,NA,10000,NA,NA,NA,NA,NA,NA,NA,NA,NA,NA,TRUE,0,TRUE,MD1041214,Transient non-community system,NA,NA,No Violation Identified,FALSE,FALSE
NA,MD,110052612400,SMOKE HOUSE BBQ,NA,NA,NA,20659,ST. MARY'S,NA,FALSE,NA,Zip Code Centroid,NA,10000,NA,NA,NA,NA,NA,NA,NA,NA,NA,NA,TRUE,0,TRUE,MD1181264,Transient non-community system,NA,NA,No Violation Identified,FALSE,FALSE
NA,MA,110051766512,RED ROOF INN,NA,SUTTON,NA,01590,WORCESTER,NA,FALSE,NA,Zip Code Centroid,NA,10000,NA,NA,NA,NA,NA,NA,NA,NA,NA,NA,TRUE,0,TRUE,MA2290006,Transient non-community system,NA,NA,No Violation Identified,FALSE,FALSE
MD,WA,110051961061,CHESAPEAKE HEALTH & FITNESS CLUB,NA,NA,MD,99208,ANNE ARUNDEL,NA,FALSE,NA,Zip Code Centroid,NA,10000,NA,NA,NA,NA,NA,NA,NA,NA,NA,NA,TRUE,8,TRUE,MD1021213,Transient non-community system,10,NA,No Violation Identified,FALSE,FALSE
PA,NY,110051796213,THE FARM BAKERY-WELL,MISSING ADDRESS LINE 1,QUAKERTOWN,PA,12345,BUCKS COUNTY,NA,FALSE,NA,Zip Code Centroid,NA,10000,NA,NA,NA,NA,NA,NA,NA,NA,NA,NA,TRUE,0,TRUE,PA1090897,Transient non-community system,NA,NA,No Violation Identified,FALSE,FALSE
CT,MO,110049969995,RED CEDAR LAKE LODGE,NA,ST. LOUIS,CT,63128,NEW LONDON,29189,FALSE,NA,ADDRESS MATCHING-HOUSE NUMBER,CENTER OF A FACILITY OR STATION,30,NA,7140102,71401021003,29189,63128,2,291892212023010,6.015,1576.58,NA,TRUE,0,TRUE,CT0710172,Transient non-community system,NA,NA,Inactive,FALSE,FALSE
NA,PA,110010183700,NWWA YORKSHIRE MEADOWS,NA,NEW HOPE,NA,18938,BUCKS,NA,FALSE,NA,Zip Code Centroid,NA,10000,NA,NA,NA,NA,NA,NA,NA,NA,NA,NA,TRUE,0,TRUE,PA1090101,Community water system,NA,NA,No Violation Identified,FALSE,FALSE
MD,VA,110052576048,AM-KO MARKET AND CROOM BP,NA,NA,MD,22192,PRINCE GEORGE'S,NA,FALSE,NA,Zip Code Centroid,NA,10000,NA,NA,NA,NA,NA,NA,NA,NA,NA,NA,NA,0,TRUE,MD1161237,Transient non-community system,8,NA,Inactive,FALSE,FALSE
WI,IL,110050572858,MARYTOWN TAP,7401 BUNKUM RD,NEW HOLSTEIN,WI,62204,FOND DU LAC,17163,FALSE,NA,ADDRESS MATCHING-HOUSE NUMBER,CENTER OF A FACILITY OR STATION,30,NA,7140101,71401010502,17163,62204,12,171635024042051,76.969,1127.56,NA,TRUE,0,TRUE,WI4200368,Transient non-community system,NA,NA,No Violation Identified,FALSE,TRUE
NA,SC,110002314807,GREENWOOD MHP (SC3260067),NA,SOUTH CONGAREE,NA,29170,LEXINGTON,45063,FALSE,NA,ADDRESS MATCHING-HOUSE NUMBER,CENTER OF A FACILITY OR STATION,30,NA,3050110,30501100103,45063,29170,2,450630207081013,20.201,399.67,NA,NA,0,TRUE,SC3260067,Community water system,NA,NA,Inactive,FALSE,FALSE
TX,OK,110013211880,TEXHOMA CITY MUNICIPAL WATER SYSTEM,NA,TEXHOMA,TX,73949,SHERMAN,NA,FALSE,NA,Zip Code Centroid,NA,10000,NA,NA,NA,NA,NA,NA,NA,NA,NA,NA,TRUE,6,TRUE,TX2110002,Community water system,8,NA,Violation Identified,FALSE,FALSE
PA,NY,110052623336,MEMORIAL LAKE STATE PARK-TREATMENT ROOM,MISSING ADDRESS LINE 1,GRANTVILLE,PA,12345,LEBANON,NA,FALSE,NA,Zip Code Centroid,NA,10000,NA,NA,NA,NA,NA,NA,NA,NA,NA,NA,TRUE,1,TRUE,PA7380418,Transient non-community system,3,NA,No Violation Identified,FALSE,FALSE
NA,CA,110013138728,LIBERTY UTILITIES - MESA CREST,NA,LA CANADA FLINTRIDGE,NA,91011,LOS ANGELES,6037,FALSE,NA,ADDRESS MATCHING-HOUSE NUMBER,CENTER OF A FACILITY OR STATION,30,NA,18070105,180701050401,6037,91011,28,60374605021011,51.54,2846.5,NA,TRUE,0,TRUE,CA1910241,Community water system,NA,NA,No Violation Identified,FALSE,FALSE
MD,NC,110052582451,SHORE STOP #219,NA,NA,MD,27102,WORCESTER,NA,FALSE,NA,Zip Code Centroid,NA,10000,NA,NA,NA,NA,NA,NA,NA,NA,NA,NA,TRUE,0,TRUE,MD1231096,Transient non-community system,NA,NA,No Violation Identified,FALSE,FALSE
MD,VA,110051927055,MARTINS MOUNTAIN,NA,OAKTON,MD,22124,ALLEGANY,NA,FALSE,NA,Zip Code Centroid,NA,10000,NA,NA,NA,NA,NA,NA,NA,NA,NA,NA,TRUE,4,TRUE,MD0010046,Transient non-community system,2,NA,No Violation Identified,FALSE,FALSE
NA,PA,110010194814,VILL AT CAMELBACK RESERVOIR 3,NA,NA,NA,NA,MONROE,42089,FALSE,NA,ADDRESS MATCHING-STREET CENTERLINE,ENTRANCE POINT OF A FACILITY OR STATION,4500,NA,2040104,20401040803,42089,18372,10,420893004032026,27.17,172.04,NA,TRUE,0,TRUE,PA2450056,Community water system,15,NA,No Violation Identified,FALSE,FALSE
NA,PA,110010194814,VILL AT CAMELBACK RESERVOIR 3,NA,NA,NA,NA,MONROE,42089,FALSE,NA,ADDRESS MATCHING-STREET CENTERLINE,ENTRANCE POINT OF A FACILITY OR STATION,4500,NA,2040104,20401040803,42089,18372,10,420893004032026,27.17,172.04,NA,TRUE,0,TRUE,PA2450127,Community water system,15,NA,No Violation Identified,FALSE,FALSE
NA,PA,110010194814,VILL AT CAMELBACK RESERVOIR 3,NA,NA,NA,NA,MONROE,42089,FALSE,NA,ADDRESS MATCHING-STREET CENTERLINE,ENTRANCE POINT OF A FACILITY OR STATION,4500,NA,2040104,20401040803,42089,18372,10,420893004032026,27.17,172.04,NA,TRUE,0,TRUE,PA2450128,Community water system,15,NA,No Violation Identified,FALSE,FALSE
NA,CA,110012881177,MADERA MH & RV PARK,NA,MADERA,NA,93637,MADERA,6039,FALSE,NA,ADDRESS MATCHING-HOUSE NUMBER,CENTER OF A FACILITY OR STATION,30,Table Mountain Rancheria - 24.9 mile(s),18040001,180400070304,6039,93637,16,60390005032035,80.536,2159.77,NA,TRUE,8,TRUE,CA2000595,Community water system,2,NA,Violation Identified,FALSE,FALSE
NA,AZ,110013103881,TUCSON WATER SILVERBELL WEST,NA,TUCSON,NA,85726,PIMA,NA,FALSE,NA,Zip Code Centroid,NA,10000,NA,NA,NA,NA,NA,NA,NA,NA,NA,NA,TRUE,0,TRUE,AZ0410162,Community water system,NA,NA,No Violation Identified,FALSE,FALSE
NA,AZ,110013103881,TUCSON WATER SILVERBELL WEST,NA,TUCSON,NA,85726,PIMA,NA,FALSE,NA,Zip Code Centroid,NA,10000,NA,NA,NA,NA,NA,NA,NA,NA,NA,NA,TRUE,0,TRUE,AZ0410169,Community water system,NA,NA,No Violation Identified,FALSE,FALSE
NA,AR,110013001615,HOT SPRINGS UTILITIES,NA,NA,NA,NA,GARLAND,5051,FALSE,NA,ADDRESS MATCHING-HOUSE NUMBER,CENTER OF A FACILITY OR STATION,30,NA,8040101,80401010804,5051,71901,4,50510115001010,32.657,962.12,NA,TRUE,1,TRUE,AR0000208,Community water system,2,NA,No Violation Identified,FALSE,TRUE
NA,AR,110013001615,HOT SPRINGS UTILITIES,NA,NA,NA,NA,GARLAND,5051,FALSE,NA,ADDRESS MATCHING-HOUSE NUMBER,CENTER OF A FACILITY OR STATION,30,NA,8040101,80401010804,5051,71901,4,50510115001010,32.657,962.12,NA,TRUE,1,TRUE,AR0000209,Community water system,2,NA,No Violation Identified,FALSE,TRUE
NA,MA,110051828572,CHESHIRE GREEN,NA,CHESHIRE,NA,01225,BERKSHIRE,NA,FALSE,NA,Zip Code Centroid,NA,10000,NA,NA,NA,NA,NA,NA,NA,NA,NA,NA,TRUE,0,TRUE,MA1058009,Transient non-community system,NA,NA,No Violation Identified,FALSE,FALSE
NC,CA,110051031753,WILBUR HOT SPRINGS-WELL 01 - INACTIVE,3375 WILBUR SPRINGS RD.,WILLIAMS,NC,95987,COLUSA,6011,FALSE,NA,ADDRESS MATCHING-HOUSE NUMBER,CENTER OF A FACILITY OR STATION,30,"Kletsel Dehe Band of Wintun Indians - 6.7 mile(s), Elem Indian Colony of Pomo Indians of the Sulphur Bank Rancheria, California - 13.2 mile(s), Middletown Rancheria of Pomo Indians of California - 23.6 mile(s), Yocha Dehe Wintun Nation, California - 23.9 mile(s), Big Valley Band of Pomo Indians of the Big Valley Rancheria, California - 24.7 mile(s)",18020116,180201160503,6011,95987,3,60110003001237,NA,NA,NA,TRUE,0,TRUE,CA0600016,Transient non-community system,NA,NA,No Violation Identified,FALSE,FALSE
NA,MA,110051955283,CRANBERRYACRES JELLYSTONE PARK,NA,CARVER,NA,02330,PLYMOUTH,NA,FALSE,NA,Zip Code Centroid,NA,10000,NA,NA,NA,NA,NA,NA,NA,NA,NA,NA,TRUE,0,TRUE,MA4052014,Transient non-community system,NA,1,No Violation Identified,FALSE,FALSE
MD,PA,110051931825,FAWN GROVE CHURCH OF THE NAZARENE,NA,NA,MD,17321,HARFORD,NA,FALSE,NA,Zip Code Centroid,NA,10000,NA,NA,NA,NA,NA,NA,NA,NA,NA,NA,TRUE,0,TRUE,MD1121319,Transient non-community system,NA,NA,No Violation Identified,FALSE,FALSE
MD,DC,110052641995,CAMP RIVERVIEW,NA,NA,MD,20010,ST. MARY'S,NA,FALSE,NA,Zip Code Centroid,NA,10000,NA,NA,NA,NA,NA,NA,NA,NA,NA,NA,TRUE,0,TRUE,MD1181225,Transient non-community system,NA,NA,No Violation Identified,FALSE,FALSE
MD,DE,110012992093,WHISPERING PINES MOBILE HOME PARK,NA,NA,MD,19720,CECIL,NA,FALSE,NA,Zip Code Centroid,NA,10000,NA,NA,NA,NA,NA,NA,NA,NA,NA,NA,TRUE,0,TRUE,MD0070213,Community water system,1,NA,No Violation Identified,FALSE,FALSE
UT,AZ,110017897445,HILDALE/COLORADO CITY,SITE INFORMATION RESTRICTED,HILDALE,UT,84784,WASHINGTON,NA,FALSE,NA,Zip Code Centroid,NA,10000,NA,NA,NA,NA,NA,NA,NA,NA,NA,NA,TRUE,11,TRUE,UTAH27006,Community water system,66,NA,Violation Identified,FALSE,FALSE
UT,NY,110012927208,WHITEROCKS,-,WHITEROCKS,UT,11001,UINTAH,NA,TRUE,NA,Zip Code Centroid,NA,10000,NA,NA,NA,NA,NA,NA,NA,NA,NA,NA,TRUE,11,TRUE,084990003,Community water system,2,1,Violation Identified,FALSE,FALSE
UT,NY,110012927208,WHITEROCKS,-,WHITEROCKS,UT,11001,UINTAH,NA,TRUE,NA,Zip Code Centroid,NA,10000,NA,NA,NA,NA,NA,NA,NA,NA,NA,NA,TRUE,11,TRUE,UT4900466,Community water system,2,1,Violation Identified,FALSE,FALSE
MD,TN,110064359910,DOLLAR GENERAL #13896,NA,NA,MD,37072,CECIL,NA,FALSE,NA,Zip Code Centroid,NA,10000,NA,NA,NA,NA,NA,NA,NA,NA,NA,NA,TRUE,0,TRUE,MD1071388,Transient non-community system,2,NA,No Violation Identified,FALSE,FALSE
NA,MI,110049423245,PLEASANT MOOSE LODGE,NA,GRAYLING,NA,49738,CRAWFORD,NA,FALSE,NA,Zip Code Centroid,NA,10000,NA,NA,NA,NA,NA,NA,NA,NA,NA,NA,TRUE,10,TRUE,MI2020148,Transient non-community system,46,13,No Violation Identified,FALSE,FALSE
NA,AR,110013008878,CROSS COUNTY RURAL WATER SYS,NA,NA,NA,NA,NA,5037,FALSE,NA,ADDRESS MATCHING-HOUSE NUMBER,ENTRANCE POINT OF A FACILITY OR STATION,50,NA,8020205,80202050203,5037,72324,1,50379502001028,11.07,38.24,NA,TRUE,4,TRUE,AR0000158,Community water system,7,1,No Violation Identified,FALSE,FALSE
NA,AR,110013008878,CROSS COUNTY RURAL WATER SYS,NA,NA,NA,NA,NA,5037,FALSE,NA,ADDRESS MATCHING-HOUSE NUMBER,ENTRANCE POINT OF A FACILITY OR STATION,50,NA,8020205,80202050203,5037,72324,1,50379502001028,11.07,38.24,NA,TRUE,4,TRUE,AR0000459,Community water system,7,1,No Violation Identified,FALSE,FALSE
MD,DC,110052664032,PRINCE FREDERICK PROFESSIONAL BLDG,NA,NA,MD,20016,CALVERT,NA,FALSE,NA,Zip Code Centroid,NA,10000,NA,NA,NA,NA,NA,NA,NA,NA,NA,NA,TRUE,0,TRUE,MD1041095,Transient non-community system,NA,NA,No Violation Identified,FALSE,FALSE
MD,PA,110052490826,SAUBELS MARKET,NA,NA,MD,17363,HARFORD,NA,FALSE,NA,Zip Code Centroid,NA,10000,NA,NA,NA,NA,NA,NA,NA,NA,NA,NA,TRUE,0,TRUE,MD1121046,Non-Transient non-community system,2,NA,No Violation Identified,FALSE,FALSE
NA,SD,110052715068,WHEELS WEST CAMPGROUND,NA,CUSTER,NA,57730,CUSTER,NA,FALSE,NA,Zip Code Centroid,NA,10000,NA,NA,NA,NA,NA,NA,NA,NA,NA,NA,TRUE,0,TRUE,SD4600609,Transient non-community system,NA,NA,No Violation Identified,FALSE,FALSE
UT,CA,110052904997,WANSHIP WELL WATER SYSTEM-WANSHIP WELL CHLORINATOR-REMOVED,3149 ROCKPORT ROAD,WANSHIP,UT,94017,SUMMIT,NA,FALSE,NA,Zip Code Centroid,NA,10000,NA,NA,NA,NA,NA,NA,NA,NA,NA,NA,TRUE,2,TRUE,UTAH22113,Transient non-community system,12,NA,No Violation Identified,FALSE,FALSE
MD,NJ,110052567833,PANTRY ONE  PETROLEUM,NA,NA,MD,08879,CECIL,NA,FALSE,NA,Zip Code Centroid,NA,10000,NA,NA,NA,NA,NA,NA,NA,NA,NA,NA,TRUE,0,TRUE,MD1071353,Transient non-community system,1,NA,No Violation Identified,FALSE,FALSE
MD,DE,110013148414,ROUTE 7 DISTRIBUTION SYSTEM,NA,NA,MD,19702,CECIL,NA,FALSE,NA,Zip Code Centroid,NA,10000,NA,NA,NA,NA,NA,NA,NA,NA,NA,NA,TRUE,0,TRUE,MD0070032,Community water system,NA,NA,No Violation Identified,FALSE,FALSE
NA,OK,110012835209,LE ANN WATER,NA,OCHELATA,NA,74051,WASHINGTON,40147,FALSE,NA,ADDRESS MATCHING-HOUSE NUMBER,ENTRANCE POINT OF A FACILITY OR STATION,150,"Cherokee Nation - 0 mile(s), The Osage Nation - 2.7 mile(s)",11070106,110701060705,40147,74051,1,401470013002072,29.875,60.47,NA,TRUE,11,TRUE,OK3007403,Community water system,33,4,Violation Identified,FALSE,FALSE
NA,OK,110012835209,LE ANN WATER,NA,OCHELATA,NA,74051,WASHINGTON,40147,FALSE,NA,ADDRESS MATCHING-HOUSE NUMBER,ENTRANCE POINT OF A FACILITY OR STATION,150,"Cherokee Nation - 0 mile(s), The Osage Nation - 2.7 mile(s)",11070106,110701060705,40147,74051,1,401470013002072,29.875,60.47,NA,TRUE,11,TRUE,OK3007407,Community water system,33,4,Violation Identified,FALSE,FALSE
MD,TX,110051911801,SEVEN-ELEVEN -TAYLORSVILLE,NA,NA,MD,75221,CARROLL,NA,FALSE,NA,Zip Code Centroid,NA,10000,NA,NA,NA,NA,NA,NA,NA,NA,NA,NA,TRUE,0,TRUE,MD1061129,Transient non-community system,NA,NA,No Violation Identified,FALSE,FALSE
NA,SD,110052715255,HARNEY CAMP CABINS,NA,CUSTER,NA,57730,PENNINGTON,NA,FALSE,NA,Zip Code Centroid,NA,10000,NA,NA,NA,NA,NA,NA,NA,NA,NA,NA,TRUE,2,TRUE,SD4600963,Transient non-community system,3,NA,No Violation Identified,FALSE,FALSE
NA,LA,110013012097,VILLAGE OF CANKTON WATER SYSTEM,NA,SUNSET,NA,70584,ST. LANDRY,NA,FALSE,NA,Zip Code Centroid,NA,10000,NA,NA,NA,NA,NA,NA,NA,NA,NA,NA,TRUE,1,TRUE,LA1097025,Community water system,20,1,No Violation Identified,FALSE,FALSE
NA,LA,110013012097,VILLAGE OF CANKTON WATER SYSTEM,NA,SUNSET,NA,70584,ST. LANDRY,NA,FALSE,NA,Zip Code Centroid,NA,10000,NA,NA,NA,NA,NA,NA,NA,NA,NA,NA,TRUE,1,TRUE,LA1097033,Community water system,20,1,No Violation Identified,FALSE,FALSE
NA,MA,110012993378,GLEN RIDGE RESIDENTS TRUST,NA,DOVER,NA,02030,NORFOLK,NA,FALSE,NA,Zip Code Centroid,NA,10000,NA,NA,NA,NA,NA,NA,NA,NA,NA,NA,TRUE,0,TRUE,MA3078002,Community water system,NA,NA,No Violation Identified,FALSE,FALSE
NA,MD,110052513570,CAPTAIN CHARLE'S SEAFOOD HOUSE,NA,NA,NA,20625,CHARLES,NA,FALSE,NA,Zip Code Centroid,NA,10000,NA,NA,NA,NA,NA,NA,NA,NA,NA,NA,TRUE,4,TRUE,MD1081082,Transient non-community system,6,NA,No Violation Identified,FALSE,FALSE
MD,DC,110051934528,JEMALS BAY 50 PLAZA,NA,NA,MD,20001,ANNE ARUNDEL,NA,FALSE,NA,Zip Code Centroid,NA,10000,NA,NA,NA,NA,NA,NA,NA,NA,NA,NA,TRUE,5,TRUE,MD1020132,Non-Transient non-community system,5,NA,No Violation Identified,FALSE,FALSE
NA,MA,110051907754,PRIMO WATER @ HANNAFORD FOOD,NA,LOWELL,NA,01852,MIDDLESEX,NA,FALSE,NA,Zip Code Centroid,NA,10000,NA,NA,NA,NA,NA,NA,NA,NA,NA,NA,TRUE,0,TRUE,MA3160007,Transient non-community system,NA,NA,No Violation Identified,FALSE,FALSE
NA,AR,110013012845,FOUR MILE HILL PUBLIC FACILITIES BOARD,NA,SEARCY,NA,72143,WHITE,5145,FALSE,NA,ADDRESS MATCHING-HOUSE NUMBER,ENTRANCE POINT OF A FACILITY OR STATION,150,NA,11010014,110100140804,5145,72143,2,51450704011003,5.612,86.62,NA,TRUE,0,TRUE,AR0000586,Community water system,1,NA,No Violation Identified,FALSE,FALSE
WV,NJ,110052002435,GOSHEN ROAD DOH,2000 GALLOPING HILL RD,KENILWORTH,WV,07033,KANAWHA,34039,FALSE,NA,ADDRESS MATCHING-HOUSE NUMBER,CENTER OF A FACILITY OR STATION,30,NA,2030104,20301040204,34039,7033,7,340390336003022,59.016,7413.36,NA,NA,0,TRUE,WV9931033,Non-Transient non-community system,NA,NA,Inactive,FALSE,FALSE
AL,TN,110012992930,ARDMORE WATER SYSTEM,26704 MAIN ST,ARDMORE,AL,35739,LIMESTONE,1083,FALSE,NA,ADDRESS MATCHING-HOUSE NUMBER,ENTRANCE POINT OF A FACILITY OR STATION,50,NA,6030002,60300020801,1083,35739,5,470559208002168,7.546,177.65,NA,TRUE,1,TRUE,AL0001420,Community water system,NA,NA,No Violation Identified,FALSE,FALSE
NE,KS,110012899113,"BYRON, VILLAGE OF-WELL 621 EMERGENCY CHLORINATION",PO BOX 11,BYRON,NE,68325,THAYER,NA,FALSE,NA,Zip Code Centroid,NA,10000,NA,NA,NA,NA,NA,NA,NA,NA,NA,NA,TRUE,0,TRUE,NE3116907,Community water system,NA,NA,No Violation Identified,FALSE,FALSE
MD,SC,110052615915,CHILLIN HOT GRILL & DELI,NA,NA,MD,29045,GARRETT,NA,FALSE,NA,Zip Code Centroid,NA,10000,NA,NA,NA,NA,NA,NA,NA,NA,NA,NA,TRUE,0,TRUE,MD1111074,Transient non-community system,NA,NA,No Violation Identified,FALSE,FALSE
NA,AR,110012992379,BENTON COUNTY WATER AUTHORITY4,NA,ROGERS,NA,72756,BENTON,5007,FALSE,NA,ADDRESS MATCHING-HOUSE NUMBER,CENTER OF A FACILITY OR STATION,30,Cherokee Nation - 24.1 mile(s),11110103,111101030301,5007,72756,3,50070203011008,33.764,1511.1,NA,TRUE,0,TRUE,AR0000037,Community water system,1,NA,No Violation Identified,FALSE,TRUE
NA,AR,110012992379,BENTON COUNTY WATER AUTHORITY4,NA,ROGERS,NA,72756,BENTON,5007,FALSE,NA,ADDRESS MATCHING-HOUSE NUMBER,CENTER OF A FACILITY OR STATION,30,Cherokee Nation - 24.1 mile(s),11110103,111101030301,5007,72756,3,50070203011008,33.764,1511.1,NA,TRUE,0,TRUE,AR0000899,Community water system,1,NA,No Violation Identified,FALSE,TRUE
