object_id,mhp_id,mhp_name,address,city,state_reported,zipcode,zip4,telephone,type,status,county,county_fips,country,latitude,longitude,naics_code,naics_desc,source,source_date,val_method,val_date,website,units,size,rev_geo_flag,state_intersection
2821,42385,NOT AVAILABLE,1985 RIVIERA BLVD,BULLHEAD CITY,AZ,86442,NOT AVAILABLE,NOT AVAILABLE,MOBILE HOME PARK,NOT AVAILABLE,MOHAVE,04015,USA,35.100901187,-114.621173693,531190,RESIDENTIAL TRAILER PARKS,IMAGERY,2015-03-24 17:00:00,BOTH INTERNET AND IMAGERY,2015-03-24 17:00:00,NOT AVAILABLE,NA,medium (51-100),YES,NV
4798,6137,RIVERLAND RESORT,3401 PARKER DAM RD,EARP,CA,92242,NOT AVAILABLE,(760) 663-3733,RECREATIONAL VEHICLE PARK,OPEN,SAN BERNARDINO,06071,USA,34.194562294,-114.2270767,721211,RECREATIONAL VEHICLE PARKS,https://casas2prodwlext2.hcd.ca.gov/casas/cmirMp/list,2018-06-05 17:00:00,IMAGERY ONLY,2018-06-03 17:00:00,NOT AVAILABLE,NA,medium (51-100),NO,AZ
5006,6417,NEEDLES MARINA PARK,100 MARINA DR,NEEDLES,CA,92363,NOT AVAILABLE,(760) 326-2197,RECREATIONAL VEHICLE PARK,OPEN,SAN BERNARDINO,06071,USA,34.8469324810001,-114.60490713,721211,RECREATIONAL VEHICLE PARKS,https://casas2prodwlext2.hcd.ca.gov/casas/cmirMp/list,2018-06-05 17:00:00,IMAGERY ONLY,2013-07-24 17:00:00,NOT AVAILABLE,NA,medium (51-100),NO,AZ
5009,6422,VERDE SHORES MOBILE RESIDENTIAL PK,578 BEACH DR,NEEDLES,CA,92363,NOT AVAILABLE,(760) 326-2672,MOBILE HOME PARK,OPEN,SAN BERNARDINO,06071,USA,34.840024342,-114.59315633,531190,MOBILE (MANUFACTURED) HOME PARKS,https://casas2prodwlext2.hcd.ca.gov/casas/cmirMp/list,2018-06-05 17:00:00,IMAGERY ONLY,2013-07-24 17:00:00,NOT AVAILABLE,88,medium (51-100),NO,AZ
7886,10080,WESTSIDE MHP,17630 STATE LINE RD,TULELAKE,CA,96134,NOT AVAILABLE,(530) 667-5225,MOBILE HOME PARK,OPEN,KLAMATH,41035,USA,41.998598676,-121.558780598,531190,RESIDENTIAL TRAILER PARKS,https://casas2prodwlext2.hcd.ca.gov/casas/cmirMp/list,2018-06-05 17:00:00,IMAGERY ONLY,2013-07-24 17:00:00,NOT AVAILABLE,12,small (<50),NO,OR
7961,17125,BLUE RIDGE MHP,227 MONTROSE DRIVE,CONKLIN,NY,13748,NOT AVAILABLE,(607) 775-5953,MOBILE HOME PARK,OPEN,BROOME,36007,USA,41.999813558,-75.7923991819999,531190,RESIDENTIAL TRAILER PARKS,FROM CENSUS BLOCKS IDENTIFIED BY THE U.S. CENSUS BUREAU DURING THE 2010 CENSUS TO CONTAIN 10 OR MORE MOBILE HOMES/TRAILERS.,2013-04-22 17:00:00,IMAGERY ONLY,2013-08-28 17:00:00,NOT AVAILABLE,NA,small (<50),NO,PA
8037,6138,RIO DEL COLORADO,CROSSROADS PO BX 1128,EARP,CA,92242,NOT AVAILABLE,(619) 663-4941,MOBILE HOME PARK,OPEN,SAN BERNARDINO,06071,USA,34.262823548,-114.162042449,531190,MOBILE (MANUFACTURED) HOME PARKS,https://casas2prodwlext2.hcd.ca.gov/casas/cmirMp/list,2018-06-05 17:00:00,BOTH INTERNET AND IMAGERY,2013-07-24 17:00:00,NOT AVAILABLE,128,large (>100),NO,AZ
8045,6202,ECHO LODGE RESORT,11 MI N OF EARP,PARKER DAM,CA,92267,NOT AVAILABLE,(619) 367-6414,MOBILE HOME PARK,OPEN,SAN BERNARDINO,06071,USA,34.250103203,-114.174774838,531190,MOBILE (MANUFACTURED) HOME PARKS,https://casas2prodwlext2.hcd.ca.gov/casas/cmirMp/list,2018-06-05 17:00:00,IMAGERY ONLY,2013-07-24 17:00:00,NOT AVAILABLE,245,large (>100),NO,AZ
8046,6203,BLACK MEADOW LANDING,156100 BLACKMEADOW ROAD,PARKER DAM,CA,92267,NOT AVAILABLE,(619) 663-4901,RECREATIONAL VEHICLE PARK,OPEN,SAN BERNARDINO,06071,USA,34.3496607220001,-114.19618886,721211,RECREATIONAL VEHICLE PARKS,https://casas2prodwlext2.hcd.ca.gov/casas/cmirMp/list,2018-06-05 17:00:00,IMAGERY ONLY,2013-07-24 17:00:00,NOT AVAILABLE,NA,large (>100),NO,AZ
8047,6204,SUNSHINE RESORT,1255 PARKER DAM RD,PARKER DAM,CA,92267,NOT AVAILABLE,(760) 663-3098,RECREATIONAL VEHICLE PARK,OPEN,SAN BERNARDINO,06071,USA,34.267557466,-114.135666346,721211,RECREATIONAL VEHICLE PARKS,https://casas2prodwlext2.hcd.ca.gov/casas/cmirMp/list,2018-06-05 17:00:00,BOTH INTERNET AND IMAGERY,2013-07-24 17:00:00,NOT AVAILABLE,NA,medium (51-100),NO,AZ
9119,40885,NOT AVAILABLE,6 BIRCH LN,GALLIPOLIS,OH,45631,NOT AVAILABLE,NOT AVAILABLE,MOBILE HOME PARK,NOT AVAILABLE,GALLIA,39053,USA,38.828183908,-82.16595208,531190,RESIDENTIAL TRAILER PARKS,IMAGERY,2015-01-19 16:00:00,BOTH INTERNET AND IMAGERY,2015-01-19 16:00:00,NOT AVAILABLE,NA,small (<50),YES,WV
9145,40929,NOT AVAILABLE,27375 OH 7,MARIETTA,OH,45750,NOT AVAILABLE,NOT AVAILABLE,MOBILE HOME PARK,NOT AVAILABLE,WASHINGTON,39167,USA,39.371708943,-81.395657797,531190,RESIDENTIAL TRAILER PARKS,IMAGERY,2015-01-19 16:00:00,BOTH INTERNET AND IMAGERY,2015-01-19 16:00:00,NOT AVAILABLE,NA,small (<50),YES,WV
9146,40930,NOT AVAILABLE,OH HWY 7,MARIETTA,OH,45750,NOT AVAILABLE,NOT AVAILABLE,RECREATIONAL VEHICLE PARK,NOT AVAILABLE,WASHINGTON,39167,USA,39.372386932,-81.39935134,721211,RECREATIONAL VEHICLE PARKS,IMAGERY,2015-01-19 16:00:00,BOTH INTERNET AND IMAGERY,2015-01-19 16:00:00,NOT AVAILABLE,NA,medium (51-100),YES,WV
10274,10296,RIVERS EDGE MOBILE PARK,1161 RIVERFRONT DRIVE,BULLHEAD CITY,AZ,86442,NOT AVAILABLE,(520) 763-2525,MOBILE HOME PARK,OPEN,MOHAVE,04015,USA,35.1195863560001,-114.607526605,531190,MOBILE (MANUFACTURED) HOME PARKS,FROM CENSUS BLOCKS IDENTIFIED BY THE U.S. CENSUS BUREAU DURING THE 2010 CENSUS TO CONTAIN 10 OR MORE MOBILE HOMES/TRAILERS.,2013-04-22 17:00:00,IMAGERY ONLY,2013-06-23 17:00:00,NOT AVAILABLE,NA,small (<50),NO,NV
12193,14533,JEFFERSON MOBILE HOME COURT,1800 DUTCH LANE,JEFFERSONVILLE,IN,47130,NOT AVAILABLE,(812) 284-2239,MOBILE HOME PARK,OPEN,CLARK,18019,USA,38.291301424,-85.743115401,531190,MOBILE (MANUFACTURED) HOME PARKS,FROM CENSUS BLOCKS IDENTIFIED BY THE U.S. CENSUS BUREAU DURING THE 2010 CENSUS TO CONTAIN 10 OR MORE MOBILE HOMES/TRAILERS.,2013-04-22 17:00:00,IMAGERY ONLY,2013-08-04 17:00:00,NOT AVAILABLE,NA,large (>100),NO,KY
12194,14534,SHERWOOD HEIGHTS MOBILE HOME,2009 HAMBURG PIKE,JEFFERSONVILLE,IN,47130,NOT AVAILABLE,(812) 282-1833,MOBILE HOME PARK,OPEN,CLARK,18019,USA,38.2948119760001,-85.7482151469999,531190,RESIDENTIAL TRAILER PARKS,FROM CENSUS BLOCKS IDENTIFIED BY THE U.S. CENSUS BUREAU DURING THE 2010 CENSUS TO CONTAIN 10 OR MORE MOBILE HOMES/TRAILERS.,2013-04-22 17:00:00,IMAGERY ONLY,2013-08-04 17:00:00,NOT AVAILABLE,NA,medium (51-100),NO,KY
13075,16828,MANNING MANOR MHP,3207 BELKNAP STREET,SUPERIOR,WI,54880,NOT AVAILABLE,(715) 392-2281,MOBILE HOME PARK,OPEN,DOUGLAS,55031,USA,46.7207846320001,-92.128815586,531190,RESIDENTIAL TRAILER PARKS,FROM CENSUS BLOCKS IDENTIFIED BY THE U.S. CENSUS BUREAU DURING THE 2010 CENSUS TO CONTAIN 10 OR MORE MOBILE HOMES/TRAILERS.,2013-04-22 17:00:00,IMAGERY ONLY,2013-06-13 17:00:00,NOT AVAILABLE,NA,medium (51-100),NO,MN
13268,17398,WINTERSET FARMS INC,2801 EBRIGHT ROAD,WILMINGTON,DE,19810,NOT AVAILABLE,(302) 475-3010,MOBILE HOME PARK,OPEN,NEW CASTLE,10003,USA,39.835881467,-75.520440207,531190,RESIDENTIAL TRAILER PARKS,FROM CENSUS BLOCKS IDENTIFIED BY THE U.S. CENSUS BUREAU DURING THE 2010 CENSUS TO CONTAIN 10 OR MORE MOBILE HOMES/TRAILERS.,2013-04-22 17:00:00,IMAGERY ONLY,2013-07-16 17:00:00,NOT AVAILABLE,NA,large (>100),NO,PA
13270,17402,RIVER PARK TRAILER COURT,4900 BOYD STREET,ASHLAND,KY,41101,NOT AVAILABLE,(606) 325-1700,MOBILE HOME PARK,OPEN,BOYD,21019,USA,38.444188362,-82.609207237,531190,RESIDENTIAL TRAILER PARKS,FROM CENSUS BLOCKS IDENTIFIED BY THE U.S. CENSUS BUREAU DURING THE 2010 CENSUS TO CONTAIN 10 OR MORE MOBILE HOMES/TRAILERS.,2013-04-22 17:00:00,IMAGERY ONLY,2013-05-27 17:00:00,NOT AVAILABLE,NA,small (<50),NO,OH
13271,17405,SHADY TERRACE MHP,724 COVERT RUN PIKE,BELLEVUE,KY,41073,NOT AVAILABLE,(606) 431-6834,MOBILE HOME PARK,OPEN,CAMPBELL,21037,USA,39.0993148260001,-84.467875178,531190,RESIDENTIAL TRAILER PARKS,FROM CENSUS BLOCKS IDENTIFIED BY THE U.S. CENSUS BUREAU DURING THE 2010 CENSUS TO CONTAIN 10 OR MORE MOBILE HOMES/TRAILERS.,2013-04-22 17:00:00,IMAGERY ONLY,2013-05-27 17:00:00,NOT AVAILABLE,NA,small (<50),NO,OH
13622,18336,CEDAR GROVE MHP,CEDAR GROVE DRIVE,BANGOR,PA,18013,NOT AVAILABLE,(610) 433-6047,MOBILE HOME PARK,OPEN,NORTHAMPTON,42095,USA,40.777809586,-75.13630333,531190,MOBILE (MANUFACTURED) HOME PARKS,FROM CENSUS BLOCKS IDENTIFIED BY THE U.S. CENSUS BUREAU DURING THE 2010 CENSUS TO CONTAIN 10 OR MORE MOBILE HOMES/TRAILERS.,2013-04-22 17:00:00,IMAGERY ONLY,2013-07-25 17:00:00,NOT AVAILABLE,NA,small (<50),NO,NJ
15970,36744,NOT AVAILABLE,1415 WI 35,HOULTON,WI,54082,NOT AVAILABLE,NOT AVAILABLE,MOBILE HOME PARK,OPEN,ST CROIX,55109,USA,45.065825223,-92.790652383,531190,RESIDENTIAL TRAILER PARKS,IMAGERY,2013-06-09 17:00:00,IMAGERY ONLY,2013-06-09 17:00:00,NOT AVAILABLE,NA,medium (51-100),YES,MN
16235,37270,WOODSIDE MANOR,3009 N HARTLAND RD,HARTFORD,VT,05001,NOT AVAILABLE,(802) 295-7216,MOBILE HOME PARK,OPEN,WINDSOR,50027,USA,43.611385415,-72.353451588,531190,RESIDENTIAL TRAILER PARKS,http://accd.vermont.gov/sites/accdnew/files/documents/Housing/2017-MHP-Registry.pdf,2017-09-17 17:00:00,IMAGERY ONLY,2018-05-30 17:00:00,NOT AVAILABLE,87,medium (51-100),YES,NH
16236,37271,CHAMBERS MOBILE HOME VILLAGE,23 WINTER ST,HARTFORD,VT,05001,NOT AVAILABLE,(603) 256-3226,MOBILE HOME PARK,OPEN,WINDSOR,50027,USA,43.643947789,-72.321452291,531190,RESIDENTIAL TRAILER PARKS,IMAGERY,2013-06-18 17:00:00,IMAGERY ONLY,2013-06-18 17:00:00,NOT AVAILABLE,NA,medium (51-100),YES,NH
16590,37946,GANSETT MHP,73 MARTHA RD,RUMFORD,RI,02916,NOT AVAILABLE,NOT AVAILABLE,MOBILE HOME PARK,OPEN,PROVIDENCE,44007,USA,41.854838629,-71.350459494,531190,RESIDENTIAL TRAILER PARKS,IMAGERY,2013-07-09 17:00:00,IMAGERY ONLY,2013-07-09 17:00:00,NOT AVAILABLE,NA,small (<50),YES,MA
16591,37947,NOT AVAILABLE,656 BEVERAGE HILL AVE,PAWTUCKET,RI,02861,NOT AVAILABLE,NOT AVAILABLE,MOBILE HOME PARK,OPEN,PROVIDENCE,44007,USA,41.86096812,-71.353162562,531190,RESIDENTIAL TRAILER PARKS,IMAGERY,2013-07-09 17:00:00,IMAGERY ONLY,2013-07-09 17:00:00,NOT AVAILABLE,NA,medium (51-100),YES,MA
16773,38326,RIVER REFLECTIONS ESTATES,PARKER DAM RD,EARP,CA,92242,NOT AVAILABLE,NOT AVAILABLE,MOBILE HOME PARK,OPEN,SAN BERNARDINO,06071,USA,34.189814964,-114.23428817,531190,MOBILE (MANUFACTURED) HOME PARKS,FROM CENSUS BLOCKS IDENTIFIED BY THE U.S. CENSUS BUREAU DURING THE 2010 CENSUS TO CONTAIN 10 OR MORE MOBILE HOMES/TRAILERS.,2013-07-21 17:00:00,IMAGERY ONLY,2013-07-24 17:00:00,NOT AVAILABLE,NA,medium (51-100),NO,AZ
16774,38327,RIVER SHORE ESTATES,PARKER DAM RD,EARP,CA,92242,NOT AVAILABLE,NOT AVAILABLE,MOBILE HOME PARK,OPEN,SAN BERNARDINO,06071,USA,34.1911712570001,-114.231527995,531190,MOBILE (MANUFACTURED) HOME PARKS,FROM CENSUS BLOCKS IDENTIFIED BY THE U.S. CENSUS BUREAU DURING THE 2010 CENSUS TO CONTAIN 10 OR MORE MOBILE HOMES/TRAILERS.,2013-07-21 17:00:00,IMAGERY ONLY,2013-07-24 17:00:00,NOT AVAILABLE,NA,medium (51-100),NO,AZ
16834,38456,NOT AVAILABLE,504 32ND AVE N,FARGO,ND,58102,NOT AVAILABLE,NOT AVAILABLE,MOBILE HOME PARK,OPEN,CASS,38017,USA,46.9194231230001,-96.7854825649999,531190,RESIDENTIAL TRAILER PARKS,IMAGERY,2013-07-15 17:00:00,IMAGERY ONLY,2013-07-15 17:00:00,NOT AVAILABLE,NA,large (>100),YES,MN
19629,27913,NOT AVAILABLE,1302 LAUSE RD,BULLHEAD CITY,AZ,86442,NOT AVAILABLE,NOT AVAILABLE,MOBILE HOME PARK,OPEN,MOHAVE,04015,USA,35.07887,-114.6026,531190,RESIDENTIAL TRAILER PARKS,IMAGERY,2014-02-27 16:00:00,IMAGERY ONLY,2014-03-09 17:00:00,NOT AVAILABLE,NA,large (>100),YES,NV
19635,27925,NOT AVAILABLE,14999 OLD US 66,TOPOCK,AZ,86436,NOT AVAILABLE,NOT AVAILABLE,MOBILE HOME PARK,OPEN,MOHAVE,04015,USA,34.7182485540001,-114.484037032,531190,RESIDENTIAL TRAILER PARKS,IMAGERY,2014-02-27 16:00:00,IMAGERY ONLY,2014-03-09 17:00:00,NOT AVAILABLE,NA,small (<50),YES,CA
19795,29242,NOT AVAILABLE,18899 VOLUNTEER DR SW,RAWLINGS,MD,21557,NOT AVAILABLE,NOT AVAILABLE,MOBILE HOME PARK,NOT AVAILABLE,ALLEGANY,24001,USA,39.535115,-78.878099,531190,RESIDENTIAL TRAILER PARKS,IMAGERY,2014-03-06 16:00:00,IMAGERY ONLY,2014-03-06 16:00:00,NOT AVAILABLE,NA,medium (51-100),YES,WV
19837,29446,NOT AVAILABLE,211 LOWER COLLINS ST,SEABROOK,NH,03874,NOT AVAILABLE,NOT AVAILABLE,RECREATIONAL VEHICLE PARK,OPEN,ROCKINGHAM,33015,USA,42.8741183390001,-70.8461449979999,721211,RECREATIONAL VEHICLE PARKS,IMAGERY,2014-03-09 17:00:00,IMAGERY ONLY,2014-03-09 17:00:00,NOT AVAILABLE,NA,medium (51-100),YES,MA
19839,29448,NOT AVAILABLE,9 ASHLEYS WAY,SEABROOK,NH,03874,NOT AVAILABLE,NOT AVAILABLE,MOBILE HOME PARK,OPEN,ROCKINGHAM,33015,USA,42.8708137030001,-70.850469506,531190,MOBILE (MANUFACTURED) HOME PARKS,IMAGERY,2014-03-09 17:00:00,IMAGERY ONLY,2014-03-09 17:00:00,NOT AVAILABLE,NA,large (>100),YES,MA
20403,29487,NOT AVAILABLE,303 RT 286,SEABROOK,NH,03874,NOT AVAILABLE,NOT AVAILABLE,MOBILE HOME PARK,OPEN,ROCKINGHAM,33015,USA,42.869961145,-70.833037348,531190,MOBILE (MANUFACTURED) HOME PARKS,IMAGERY,2014-03-10 17:00:00,IMAGERY ONLY,2014-03-10 17:00:00,NOT AVAILABLE,NA,medium (51-100),YES,MA
20480,29727,NOT AVAILABLE,303 RT 286,SEABROOK,NH,03874,NOT AVAILABLE,NOT AVAILABLE,MOBILE HOME PARK,OPEN,ROCKINGHAM,33015,USA,42.870008543,-70.83305359,531190,RESIDENTIAL TRAILER PARKS,IMAGERY,2014-03-11 17:00:00,IMAGERY ONLY,2014-03-13 17:00:00,NOT AVAILABLE,NA,medium (51-100),YES,MA
21307,31389,BUNKER HILL COMMUNITY CO-OP,2245 US 5,WINDSOR,VT,05089,NOT AVAILABLE,(802) 674-6386,MOBILE HOME PARK,OPEN,WINDSOR,50027,USA,43.492942757,-72.3867442599999,531190,RESIDENTIAL TRAILER PARKS,IMAGERY,2014-03-19 17:00:00,IMAGERY ONLY,2014-03-19 17:00:00,NOT AVAILABLE,NA,small (<50),YES,NH
21309,31395,OLCOTT FALLS MANOR,167 CHESTNUT ST,HARTFORD,VT,05001,NOT AVAILABLE,(802) 828-6904,MOBILE HOME PARK,OPEN,WINDSOR,50027,USA,43.679402,-72.307744,531190,RESIDENTIAL TRAILER PARKS,IMAGERY,2014-03-19 17:00:00,IMAGERY ONLY,2014-03-19 17:00:00,NOT AVAILABLE,NA,small (<50),YES,NH
21326,31546,SUNFLOWER VILLAGE MOBILE HOME PARK,1214 ROSEPORT RD,ELWOOD,KS,66090,NOT AVAILABLE,NOT AVAILABLE,MOBILE HOME PARK,OPEN,DONIPHAN,20043,USA,39.747670747,-94.885615038,531190,MOBILE (MANUFACTURED) HOME PARKS,IMAGERY,2014-03-19 17:00:00,IMAGERY ONLY,2014-03-19 17:00:00,NOT AVAILABLE,NA,medium (51-100),YES,MO
21416,31146,NOT AVAILABLE,HIGH ST,COLEBROOK,NH,03576,NOT AVAILABLE,NOT AVAILABLE,MOBILE HOME PARK,OPEN,COOS,33007,USA,44.997310946,-71.530054213,531190,RESIDENTIAL TRAILER PARKS,IMAGERY,2014-03-18 17:00:00,IMAGERY ONLY,2014-03-19 17:00:00,NOT AVAILABLE,NA,small (<50),YES,VT
21492,31788,NOT AVAILABLE,2100 G ST,SOUTH SIOUX CITY,NE,68776,NOT AVAILABLE,NOT AVAILABLE,MOBILE HOME PARK,OPEN,DAKOTA,31043,USA,42.470004438,-96.404086218,531190,RESIDENTIAL TRAILER PARKS,IMAGERY,2014-03-20 17:00:00,IMAGERY ONLY,2014-03-23 17:00:00,NOT AVAILABLE,NA,small (<50),YES,IA
21493,31792,NOT AVAILABLE,923 1ST AVE,SOUTH SIOUX CITY,NE,68776,NOT AVAILABLE,NOT AVAILABLE,MOBILE HOME PARK,OPEN,DAKOTA,31043,USA,42.479828,-96.413883,531190,RESIDENTIAL TRAILER PARKS,IMAGERY,2014-03-20 17:00:00,IMAGERY ONLY,2014-03-23 17:00:00,NOT AVAILABLE,NA,small (<50),YES,IA
22913,34671,NOT AVAILABLE,4301 COOPERS BOTTOM RD,LOCUST,KY,40045,NOT AVAILABLE,NOT AVAILABLE,MOBILE HOME PARK,OPEN,TRIMBLE,21223,USA,38.714148202,-85.436233914,531190,MOBILE (MANUFACTURED) HOME PARKS,IMAGERY,2014-04-02 17:00:00,IMAGERY ONLY,2014-04-02 17:00:00,NOT AVAILABLE,NA,small (<50),YES,IN
22974,34466,NOT AVAILABLE,3968 UPPER EIGHT MILE RD,MELBOURNE,KY,41059,NOT AVAILABLE,NOT AVAILABLE,MOBILE HOME PARK,OPEN,CAMPBELL,21037,USA,39.021449906,-84.3370975,531190,MOBILE (MANUFACTURED) HOME PARKS,IMAGERY,2014-04-01 17:00:00,IMAGERY ONLY,2014-04-01 17:00:00,NOT AVAILABLE,NA,small (<50),YES,OH
24642,1198,IVEY STREET MOBILE HOME PARK LLC,9520 IVEY STREET,CENTURY,FL,32535,NOT AVAILABLE,(850) 256-4829,MOBILE HOME PARK,OPEN,ESCAMBIA,12033,USA,30.99774534,-87.25919443,531190,RESIDENTIAL TRAILER PARKS,http://www.floridahealth.gov/%5C/environmental-health/mobile-home-parks/index.html,2018-05-20 17:00:00,IMAGERY ONLY,2015-11-09 16:00:00,NOT AVAILABLE,9,small (<50),NO,AL
25389,10293,HARDYVILLE MANOR,1753 GEORGIA LANE,BULLHEAD CITY,AZ,86442,NOT AVAILABLE,(520) 763-4583,MOBILE HOME PARK,OPEN,MOHAVE,04015,USA,35.1226146060001,-114.587010751,531190,RESIDENTIAL TRAILER PARKS,FROM CENSUS BLOCKS IDENTIFIED BY THE U.S. CENSUS BUREAU DURING THE 2010 CENSUS TO CONTAIN 10 OR MORE MOBILE HOMES/TRAILERS.,2013-04-22 17:00:00,IMAGERY ONLY,2013-06-23 17:00:00,NOT AVAILABLE,NA,small (<50),NO,NV
26253,12392,COUNTRY ESTATES MHP,910 WESTSIDE DRIVE,VIDALIA,LA,71373,NOT AVAILABLE,(318) 336-5815,MOBILE HOME PARK,OPEN,CONCORDIA,22029,USA,31.572196529,-91.469842468,531190,RESIDENTIAL TRAILER PARKS,FROM CENSUS BLOCKS IDENTIFIED BY THE U.S. CENSUS BUREAU DURING THE 2010 CENSUS TO CONTAIN 10 OR MORE MOBILE HOMES/TRAILERS.,2013-04-22 17:00:00,IMAGERY ONLY,2014-02-11 16:00:00,NOT AVAILABLE,NA,medium (51-100),NO,MS
27210,14531,CONVENIENT MOBILE PARK,1534 PLANK ROAD,JEFFERSONVILLE,IN,47130,NOT AVAILABLE,(812) 282-6320,MOBILE HOME PARK,OPEN,CLARK,18019,USA,38.2954834120001,-85.728887049,531190,RESIDENTIAL TRAILER PARKS,FROM CENSUS BLOCKS IDENTIFIED BY THE U.S. CENSUS BUREAU DURING THE 2010 CENSUS TO CONTAIN 10 OR MORE MOBILE HOMES/TRAILERS.,2013-04-22 17:00:00,IMAGERY ONLY,2013-08-04 17:00:00,NOT AVAILABLE,NA,small (<50),NO,KY
28312,17388,MAPLE SQUARE MHP,3 MAPLE DRIVE,NEWARK,DE,19713,NOT AVAILABLE,(302) 368-0934,MOBILE HOME PARK,OPEN,NEW CASTLE,10003,USA,39.644481275,-75.784401645,531190,RESIDENTIAL TRAILER PARKS,FROM CENSUS BLOCKS IDENTIFIED BY THE U.S. CENSUS BUREAU DURING THE 2010 CENSUS TO CONTAIN 10 OR MORE MOBILE HOMES/TRAILERS.,2013-04-22 17:00:00,IMAGERY ONLY,2013-07-16 17:00:00,NOT AVAILABLE,NA,large (>100),NO,MD
30824,22663,MOUNTAINEER MOBILE HOME PARK,309 HARKER AVE,NEWELL,WV,26050,NOT AVAILABLE,NOT AVAILABLE,MOBILE HOME PARK,OPEN,HANCOCK,54029,USA,40.6137429250001,-80.594776957,531190,RESIDENTIAL TRAILER PARKS,IMAGERY,2013-05-15 17:00:00,IMAGERY ONLY,2013-05-15 17:00:00,NOT AVAILABLE,NA,medium (51-100),YES,OH
30846,22702,RIVERVIEW ESTATES MOBILE HOME PARK,1 RIVERVIEW EST,ST MARYS,WV,26170,NOT AVAILABLE,NOT AVAILABLE,MOBILE HOME PARK,OPEN,PLEASANTS,54073,USA,39.3857970970001,-81.25014098,531190,RESIDENTIAL TRAILER PARKS,IMAGERY,2013-05-16 17:00:00,IMAGERY ONLY,2013-05-16 17:00:00,NOT AVAILABLE,NA,small (<50),YES,OH
30847,22703,BELMONT TRAILER PARK,399 CLARK ST,BELMONT,WV,26134,NOT AVAILABLE,NOT AVAILABLE,MOBILE HOME PARK,OPEN,PLEASANTS,54073,USA,39.379906508,-81.260234394,531190,RESIDENTIAL TRAILER PARKS,IMAGERY,2013-05-16 17:00:00,IMAGERY ONLY,2013-05-16 17:00:00,NOT AVAILABLE,NA,small (<50),YES,OH
30933,36544,NOT AVAILABLE,507 3RD ST E,SOUTH POINT,OH,45680,NOT AVAILABLE,NOT AVAILABLE,MOBILE HOME PARK,OPEN,LAWRENCE,39087,USA,38.4162035210001,-82.585194907,531190,RESIDENTIAL TRAILER PARKS,IMAGERY,2013-05-27 17:00:00,IMAGERY ONLY,2013-06-03 17:00:00,NOT AVAILABLE,NA,small (<50),YES,WV
30947,36578,NOT AVAILABLE,216 COOPERS BOTTOM RD,MILTON,KY,40045,NOT AVAILABLE,NOT AVAILABLE,MOBILE HOME PARK,OPEN,TRIMBLE,21223,USA,38.7238522920001,-85.371979858,531190,RESIDENTIAL TRAILER PARKS,IMAGERY,2013-06-02 17:00:00,IMAGERY ONLY,2013-06-03 17:00:00,NOT AVAILABLE,NA,small (<50),YES,IN
31095,36840,NOT AVAILABLE,107 WI 35,HAZEL GREEN,WI,53811,NOT AVAILABLE,NOT AVAILABLE,MOBILE HOME PARK,OPEN,GRANT,55043,USA,42.508331701,-90.60940636,531190,RESIDENTIAL TRAILER PARKS,IMAGERY,2013-06-11 17:00:00,IMAGERY ONLY,2013-06-11 17:00:00,NOT AVAILABLE,NA,small (<50),YES,IL
31632,37948,NOT AVAILABLE,222 MANTON ST,PAWTUCKET,RI,02861,NOT AVAILABLE,NOT AVAILABLE,MOBILE HOME PARK,OPEN,PROVIDENCE,44007,USA,41.864727669,-71.347375713,531190,RESIDENTIAL TRAILER PARKS,IMAGERY,2013-07-09 17:00:00,IMAGERY ONLY,2013-07-09 17:00:00,NOT AVAILABLE,NA,large (>100),YES,MA
31824,38324,NOT AVAILABLE,8 MARINA ST,EARP,CA,92242,NOT AVAILABLE,NOT AVAILABLE,MOBILE HOME PARK,OPEN,SAN BERNARDINO,06071,USA,34.128237686,-114.36257681,531190,MOBILE (MANUFACTURED) HOME PARKS,IMAGERY,2013-07-21 17:00:00,IMAGERY ONLY,2013-07-24 17:00:00,NOT AVAILABLE,NA,medium (51-100),YES,AZ
31826,38328,WINDMILL RESORT,PARKER DAM RD,EARP,CA,92242,NOT AVAILABLE,(619) 367-6463,MOBILE HOME PARK,OPEN,SAN BERNARDINO,06071,USA,34.2264586640001,-114.198651379,531190,MOBILE (MANUFACTURED) HOME PARKS,https://casas2prodwlext2.hcd.ca.gov/casas/cmirMp/list,2018-06-05 17:00:00,IMAGERY ONLY,2013-07-24 17:00:00,NOT AVAILABLE,166,medium (51-100),NO,AZ
32107,38874,NOT AVAILABLE,360 S DELAWARE DR,EASTON,PA,18042,NOT AVAILABLE,NOT AVAILABLE,MOBILE HOME PARK,OPEN,NORTHAMPTON,42095,USA,40.674818348,-75.1811277639999,531190,MOBILE (MANUFACTURED) HOME PARKS,IMAGERY,2013-08-07 17:00:00,IMAGERY ONLY,2013-08-07 17:00:00,NOT AVAILABLE,NA,small (<50),YES,NJ
32425,22996,ARKOMA MOBILE HOME PARK,2113 AR 59,SILOAM SPRINGS,AR,72761,NOT AVAILABLE,NOT AVAILABLE,MOBILE HOME PARK,OPEN,BENTON,05007,USA,36.176535549,-94.563519308,531190,RESIDENTIAL TRAILER PARKS,IMAGERY,2013-10-20 17:00:00,IMAGERY ONLY,2013-12-18 16:00:00,NOT AVAILABLE,NA,small (<50),YES,OK
33346,24958,NOT AVAILABLE,138 BOAT CLUB RD,CARTWRIGHT,OK,74731,NOT AVAILABLE,NOT AVAILABLE,MOBILE HOME PARK,OPEN,BRYAN,40013,USA,33.853254545,-96.56804689,531190,RESIDENTIAL TRAILER PARKS,IMAGERY,2014-01-28 16:00:00,IMAGERY ONLY,2014-01-28 16:00:00,NOT AVAILABLE,NA,small (<50),YES,TX
33700,25812,NOT AVAILABLE,200 VIRGINIA AVE,VIDALIA,LA,71373,NOT AVAILABLE,NOT AVAILABLE,MOBILE HOME PARK,OPEN,CONCORDIA,22029,USA,31.5545148090001,-91.439124309,531190,RESIDENTIAL TRAILER PARKS,IMAGERY,2014-02-11 16:00:00,IMAGERY ONLY,2014-02-18 16:00:00,NOT AVAILABLE,NA,small (<50),YES,MS
33701,25813,RIVERVIEW RV PARK,799 LEVEE RD,VIDALIA,LA,71373,NOT AVAILABLE,NOT AVAILABLE,RECREATIONAL VEHICLE PARK,OPEN,CONCORDIA,22029,USA,31.5561566370001,-91.435305274,721211,RECREATIONAL VEHICLE PARKS,IMAGERY,2014-02-11 16:00:00,IMAGERY ONLY,2014-02-19 16:00:00,NOT AVAILABLE,NA,medium (51-100),YES,MS
34517,27061,CONCOPAH BEND RV AND GOLF RESORT,COCOPAH DR,YUMA,AZ,85364,NOT AVAILABLE,NOT AVAILABLE,RECREATIONAL VEHICLE PARK,OPEN,YUMA,04027,USA,32.7342955180001,-114.691269677,721211,RECREATIONAL VEHICLE PARKS,IMAGERY,2014-02-23 16:00:00,IMAGERY ONLY,2014-03-06 16:00:00,NOT AVAILABLE,NA,large (>100),YES,CA
34608,27482,NOT AVAILABLE,200 E BLUEWATER DR,PARKER,AZ,85344,NOT AVAILABLE,NOT AVAILABLE,MOBILE HOME PARK,OPEN,LA PAZ,04012,USA,34.162238083,-114.293587175,531190,RESIDENTIAL TRAILER PARKS,IMAGERY,2014-02-25 16:00:00,IMAGERY ONLY,2014-03-06 16:00:00,NOT AVAILABLE,NA,large (>100),YES,CA
34726,27885,CRAZY HORSE CAMPGROUNDS,1459 BEACHCOMBER BLVD,LAKE HAVASU CITY,AZ,86403,NOT AVAILABLE,NOT AVAILABLE,RECREATIONAL VEHICLE PARK,OPEN,MOHAVE,04015,USA,34.468443151,-114.356472254,721211,RECREATIONAL VEHICLE PARKS,IMAGERY,2014-02-27 16:00:00,IMAGERY ONLY,2014-03-09 17:00:00,NOT AVAILABLE,NA,medium (51-100),YES,CA
34727,27888,BEACHCOMBER RESORT,857 BEACHCOMBER BLVD,LAKE HAVASU CITY,AZ,86403,NOT AVAILABLE,NOT AVAILABLE,MOBILE HOME PARK,OPEN,MOHAVE,04015,USA,34.4529269600001,-114.369731915,531190,RESIDENTIAL TRAILER PARKS,IMAGERY,2014-02-27 16:00:00,IMAGERY ONLY,2014-03-09 17:00:00,NOT AVAILABLE,NA,large (>100),YES,CA
34728,27889,ISLANDER RV RESORT,773 MALIBU CIR,LAKE HAVASU CITY,AZ,86403,NOT AVAILABLE,NOT AVAILABLE,RECREATIONAL VEHICLE PARK,OPEN,MOHAVE,04015,USA,34.455653822,-114.361080195,721211,RECREATIONAL VEHICLE PARKS,IMAGERY,2014-02-27 16:00:00,IMAGERY ONLY,2014-03-09 17:00:00,NOT AVAILABLE,NA,large (>100),YES,CA
34745,27907,NOT AVAILABLE,997 MARINA BLVD,BULLHEAD CITY,AZ,86442,NOT AVAILABLE,NOT AVAILABLE,MOBILE HOME PARK,OPEN,MOHAVE,04015,USA,35.1007017260001,-114.612966729,531190,RESIDENTIAL TRAILER PARKS,IMAGERY,2014-02-27 16:00:00,IMAGERY ONLY,2014-03-09 17:00:00,NOT AVAILABLE,NA,large (>100),YES,NV
34746,27908,NOT AVAILABLE,1497 PALMA RD,BULLHEAD CITY,AZ,86442,NOT AVAILABLE,NOT AVAILABLE,MOBILE HOME PARK,OPEN,MOHAVE,04015,USA,35.115268787,-114.600407934,531190,RESIDENTIAL TRAILER PARKS,IMAGERY,2014-02-27 16:00:00,IMAGERY ONLY,2014-03-09 17:00:00,NOT AVAILABLE,NA,large (>100),YES,NV
34747,27909,NOT AVAILABLE,2283 KAIBAB DR,BULLHEAD CITY,AZ,86442,NOT AVAILABLE,NOT AVAILABLE,MOBILE HOME PARK,OPEN,MOHAVE,04015,USA,35.0910553910001,-114.600122399,531190,RESIDENTIAL TRAILER PARKS,IMAGERY,2014-02-27 16:00:00,IMAGERY ONLY,2014-03-09 17:00:00,NOT AVAILABLE,NA,small (<50),YES,NV
34748,27912,NOT AVAILABLE,1084 RIVERVIEW DR,BULLHEAD CITY,AZ,86442,NOT AVAILABLE,NOT AVAILABLE,MOBILE HOME PARK,OPEN,MOHAVE,04015,USA,35.093410001,-114.610233,531190,RESIDENTIAL TRAILER PARKS,IMAGERY,2014-02-27 16:00:00,IMAGERY ONLY,2014-03-09 17:00:00,NOT AVAILABLE,NA,medium (51-100),YES,NV
35390,29384,"NAAMANS TRAILER PARK",110 VIRGINIA AVE,CLAYMONT,DE,19703,NOT AVAILABLE,NOT AVAILABLE,MOBILE HOME PARK,OPEN,NEW CASTLE,10003,USA,39.8144520480001,-75.443609062,531190,MOBILE (MANUFACTURED) HOME PARKS,IMAGERY,2014-03-09 17:00:00,IMAGERY ONLY,2014-03-09 17:00:00,NOT AVAILABLE,NA,small (<50),YES,PA
35556,29601,NOT AVAILABLE,FORT HILL RD,COLEBROOK,NH,03576,NOT AVAILABLE,NOT AVAILABLE,MOBILE HOME PARK,OPEN,COOS,33007,USA,44.99599089,-71.527186604,531190,MOBILE (MANUFACTURED) HOME PARKS,IMAGERY,2014-03-10 17:00:00,IMAGERY ONLY,2014-03-10 17:00:00,NOT AVAILABLE,NA,small (<50),YES,VT
35762,29944,NOT AVAILABLE,1 CHEEVER RD,STRATFORD,NH,03590,NOT AVAILABLE,NOT AVAILABLE,MOBILE HOME PARK,OPEN,COOS,33007,USA,44.6839331240001,-71.587688391,531190,MOBILE (MANUFACTURED) HOME PARKS,IMAGERY,2014-03-12 17:00:00,IMAGERY ONLY,2014-03-12 17:00:00,NOT AVAILABLE,NA,small (<50),YES,VT
36430,31460,A-1 MOBILE HOMES,3 STEPHANIE DR,PAWTUCKET,RI,02860,NOT AVAILABLE,NOT AVAILABLE,MOBILE HOME PARK,OPEN,PROVIDENCE,44007,USA,41.8715861310001,-71.371115492,531190,MOBILE (MANUFACTURED) HOME PARKS,IMAGERY,2014-03-19 17:00:00,IMAGERY ONLY,2014-03-19 17:00:00,NOT AVAILABLE,NA,medium (51-100),YES,MA
36627,31786,NOT AVAILABLE,904 E 8TH ST,SOUTH SIOUX CITY,NE,68776,NOT AVAILABLE,NOT AVAILABLE,MOBILE HOME PARK,OPEN,DAKOTA,31043,USA,42.481608812,-96.403852348,531190,RESIDENTIAL TRAILER PARKS,IMAGERY,2014-03-20 17:00:00,IMAGERY ONLY,2014-03-23 17:00:00,NOT AVAILABLE,NA,small (<50),YES,IA
36629,31791,NOT AVAILABLE,1260 5TH AVE,SOUTH SIOUX CITY,NE,68776,NOT AVAILABLE,NOT AVAILABLE,MOBILE HOME PARK,OPEN,DAKOTA,31043,USA,42.477306,-96.4184,531190,RESIDENTIAL TRAILER PARKS,IMAGERY,2014-03-20 17:00:00,IMAGERY ONLY,2014-03-23 17:00:00,NOT AVAILABLE,NA,medium (51-100),YES,IA
37430,33304,NOT AVAILABLE,401 REBER AVE,BRECKENRIDGE,MN,56520,NOT AVAILABLE,NOT AVAILABLE,MOBILE HOME PARK,NOT AVAILABLE,WILKIN,27167,USA,46.25567,-96.58903,531190,RESIDENTIAL TRAILER PARKS,IMAGERY,2014-03-26 17:00:00,IMAGERY ONLY,2014-03-26 17:00:00,NOT AVAILABLE,NA,small (<50),YES,ND
37599,33417,NOT AVAILABLE,104 LONGVIEW CIR,"NARROWS",VA,24124,NOT AVAILABLE,NOT AVAILABLE,MOBILE HOME PARK,OPEN,GILES,51071,USA,37.3826134450001,-80.811538229,531190,RESIDENTIAL TRAILER PARKS,IMAGERY,2014-03-26 17:00:00,IMAGERY ONLY,2014-04-02 17:00:00,NOT AVAILABLE,NA,small (<50),YES,WV
37600,33418,NOT AVAILABLE,157 TRAILER PARK RD,"NARROWS",VA,24124,NOT AVAILABLE,NOT AVAILABLE,MOBILE HOME PARK,OPEN,GILES,51071,USA,37.388725,-80.809562,531190,RESIDENTIAL TRAILER PARKS,IMAGERY,2014-03-26 17:00:00,IMAGERY ONLY,2014-04-02 17:00:00,NOT AVAILABLE,NA,small (<50),YES,WV
38283,35157,NOT AVAILABLE,PALISADES RD,CORONA,SD,57227,NOT AVAILABLE,NOT AVAILABLE,MOBILE HOME PARK,OPEN,ROBERTS,46109,USA,45.404325,-96.64114,531190,RESIDENTIAL TRAILER PARKS,IMAGERY,2014-04-06 17:00:00,IMAGERY ONLY,2014-04-06 17:00:00,NOT AVAILABLE,NA,small (<50),YES,MN
39583,42554,EVERGREEN MOBILE HOME PARK,212 ROCKINGHAM STREET,ROCKINGHAM,VT,05101,NOT AVAILABLE,(802) 254-4604,MOBILE HOME PARK,OPEN,WINDHAM,50025,USA,43.142574349,-72.4555041149999,531190,RESIDENTIAL TRAILER PARKS,http://accd.vermont.gov/sites/accdnew/files/documents/Housing/2017-MHP-Registry.pdf,2017-01-04 16:00:00,BOTH INTERNET AND IMAGERY,2017-09-27 17:00:00,NOT AVAILABLE,19,small (<50),NO,NH
40553,43540,BRUCHERS TRAILER COURT,102 4TH AVE,TUSTEN,NY,12764,NOT AVAILABLE,NOT AVAILABLE,MOBILE HOME PARK,OPEN,SULLIVAN,36105,USA,41.6077808850001,-75.069532958,531190,RESIDENTIAL TRAILER PARKS,https://data.ny.gov/Economic-Development/Manufactured-Home-Park-Registrations/sxi2-m23m/data,2017-09-17 17:00:00,BOTH INTERNET AND IMAGERY,2017-10-19 17:00:00,NOT AVAILABLE,9,small (<50),NO,PA
40622,43609,NOT AVAILABLE,605 E MAIN ST,ELKLAND,NY,16920,NOT AVAILABLE,NOT AVAILABLE,MOBILE HOME PARK,OPEN,TIOGA,42117,USA,41.990308777,-77.301171358,531190,RESIDENTIAL TRAILER PARKS,IMAGERY,2017-10-19 17:00:00,IMAGERY ONLY,2017-10-19 17:00:00,NOT AVAILABLE,NA,small (<50),YES,PA
41289,44281,NOT AVAILABLE,1385 ZIRCON AVE,BULLHEAD CITY,AZ,86442,NOT AVAILABLE,NOT AVAILABLE,MOBILE HOME PARK,OPEN,MOHAVE,04015,USA,35.1117511300001,-114.599451945,531190,RESIDENTIAL TRAILER PARKS,IMAGERY,2017-10-31 17:00:00,IMAGERY ONLY,2017-10-31 17:00:00,NOT AVAILABLE,NA,small (<50),YES,NV
41685,44682,NOT AVAILABLE,199 LOCK ST,LOUISA,KY,41230,NOT AVAILABLE,NOT AVAILABLE,MOBILE HOME PARK,OPEN,LAWRENCE,21127,USA,38.119379812,-82.608704961,531190,RESIDENTIAL TRAILER PARKS,IMAGERY,2017-11-05 16:00:00,IMAGERY ONLY,2017-11-05 16:00:00,NOT AVAILABLE,NA,small (<50),YES,WV
42114,45114,SNYDER TRAILER COURT,121 TAYLOR STREET,CANNELTON,IN,47520,NOT AVAILABLE,(812) 547-4443,MOBILE HOME PARK,OPEN,PERRY,18123,USA,37.9090478310001,-86.744451526,531190,RESIDENTIAL TRAILER PARKS,http://in.gov/isdh/22727.htm,2017-09-17 17:00:00,BOTH INTERNET AND IMAGERY,2017-11-07 16:00:00,NOT AVAILABLE,15,small (<50),NO,KY
43401,46405,NOT AVAILABLE,56010 DILLES BOTTOM DR,SHADYSIDE,OH,43947,NOT AVAILABLE,NOT AVAILABLE,MOBILE HOME PARK,OPEN,BELMONT,39013,USA,39.9175390140001,-80.766471967,531190,RESIDENTIAL TRAILER PARKS,IMAGERY,2017-12-05 16:00:00,IMAGERY ONLY,2017-12-05 16:00:00,NOT AVAILABLE,NA,small (<50),YES,WV
43407,46411,NOT AVAILABLE,401 LABELLE ST,BRILLIANT,OH,43913,NOT AVAILABLE,NOT AVAILABLE,MOBILE HOME PARK,OPEN,JEFFERSON,39081,USA,40.2670046060001,-80.623573435,531190,RESIDENTIAL TRAILER PARKS,IMAGERY,2017-12-05 16:00:00,IMAGERY ONLY,2017-12-05 16:00:00,NOT AVAILABLE,NA,small (<50),YES,WV
43408,46412,NOT AVAILABLE,501 WALLACE ST,BRILLIANT,OH,43913,NOT AVAILABLE,NOT AVAILABLE,MOBILE HOME PARK,OPEN,JEFFERSON,39081,USA,40.267064093,-80.624739371,531190,RESIDENTIAL TRAILER PARKS,IMAGERY,2017-12-05 16:00:00,IMAGERY ONLY,2017-12-05 16:00:00,NOT AVAILABLE,NA,small (<50),YES,WV
43930,46935,NOT AVAILABLE,163 S DELAWARE DR,EASTON,PA,18042,NOT AVAILABLE,NOT AVAILABLE,MOBILE HOME PARK,OPEN,NORTHAMPTON,42095,USA,40.6776193540001,-75.1861102729999,531190,RESIDENTIAL TRAILER PARKS,IMAGERY,2017-12-10 16:00:00,IMAGERY ONLY,2017-12-10 16:00:00,NOT AVAILABLE,NA,small (<50),YES,NJ
44009,47014,NOT AVAILABLE,420 S DELAWARE DR,EASTON,PA,18042,NOT AVAILABLE,NOT AVAILABLE,MOBILE HOME PARK,OPEN,NORTHAMPTON,42095,USA,40.673347877,-75.181362773,531190,RESIDENTIAL TRAILER PARKS,IMAGERY,2017-12-11 16:00:00,IMAGERY ONLY,2017-12-11 16:00:00,NOT AVAILABLE,NA,small (<50),YES,NJ
44906,47914,NOT AVAILABLE,708 4TH ST,ASOTIN,WA,99402,NOT AVAILABLE,NOT AVAILABLE,MOBILE HOME PARK,OPEN,ASOTIN,53003,USA,46.33620504,-117.033632048,531190,RESIDENTIAL TRAILER PARKS,IMAGERY,2017-12-19 16:00:00,IMAGERY ONLY,2017-12-19 16:00:00,NOT AVAILABLE,NA,small (<50),YES,ID
45079,48087,NOT AVAILABLE,WHITT HOLLOW RD,WILLIAMSON,WV,25661,NOT AVAILABLE,NOT AVAILABLE,MOBILE HOME PARK,OPEN,MINGO,54059,USA,37.6354890920001,-82.216289409,531190,RESIDENTIAL TRAILER PARKS,IMAGERY,2017-12-20 16:00:00,IMAGERY ONLY,2017-12-20 16:00:00,NOT AVAILABLE,NA,small (<50),YES,KY
45183,48191,NOT AVAILABLE,741 2ND ST,MASON,WV,25260,NOT AVAILABLE,NOT AVAILABLE,MOBILE HOME PARK,OPEN,MASON,54053,USA,39.0257682660001,-82.018387388,531190,RESIDENTIAL TRAILER PARKS,IMAGERY,2017-12-21 16:00:00,IMAGERY ONLY,2017-12-21 16:00:00,NOT AVAILABLE,NA,small (<50),YES,OH
45185,48193,NOT AVAILABLE,2ND ST,LETART,WV,25253,NOT AVAILABLE,NOT AVAILABLE,MOBILE HOME PARK,OPEN,MASON,54053,USA,39.0026161110001,-81.98756147,531190,RESIDENTIAL TRAILER PARKS,IMAGERY,2017-12-21 16:00:00,IMAGERY ONLY,2017-12-21 16:00:00,NOT AVAILABLE,NA,small (<50),YES,OH
45186,48194,NOT AVAILABLE,2212 7TH ST,SYRACUSE,WV,45779,NOT AVAILABLE,NOT AVAILABLE,RECREATIONAL VEHICLE PARK,OPEN,MEIGS,39105,USA,38.998392567,-81.977972242,721211,RECREATIONAL VEHICLE PARKS,IMAGERY,2017-12-21 16:00:00,IMAGERY ONLY,2017-12-21 16:00:00,NOT AVAILABLE,NA,small (<50),YES,OH
45187,48195,NOT AVAILABLE,2547 2ND ST,SYRACUSE,WV,45779,NOT AVAILABLE,NOT AVAILABLE,MOBILE HOME PARK,OPEN,MEIGS,39105,USA,38.994918554,-81.9651112559999,531190,RESIDENTIAL TRAILER PARKS,IMAGERY,2017-12-21 16:00:00,IMAGERY ONLY,2017-12-21 16:00:00,NOT AVAILABLE,NA,small (<50),YES,OH
